question_id,video_id,series,type,status,score,max_score,normalized_score_100,category,source_run,source_sha256,accepted_sha256,stage,window_id,request_hash,evidence_sha256
G2_Q000001,G2_V000001,unclassified,emotional intensity comparison,scored,1,1,100.0,,/root/longemo/runtime/runs/three_level_full558_gemini38_20260922,2effda7137ca60ad7192e6857a97110f296d23dbcf659ced54fef5037a22ec38,6ca2c84a281a643e3bd432866b4d429b2887145535cdffb9d709e0cd72778e47,,,,
G2_Q000002,G2_V000001,unclassified,emotion trajectory,scored,2,4,50.0,,/root/longemo/runtime/runs/three_level_full558_gemini38_20260922,2effda7137ca60ad7192e6857a97110f296d23dbcf659ced54fef5037a22ec38,594499b0c9296980ea1155220f01c162765eefaee0ee4b4c87b5ce03bcf4059a,,,,
G2_Q000003,G2_V000002,unclassified,emotional reasoning,scored,0,1,0.0,,/root/longemo/runtime/runs/noevent_runtime24_continuation_20260923,1e8ce65f12c96a5c230d480f3d631fd4f77a620f61b7ffc4fb9c8d4807df852f,3d9f91fbe78bed7fcde3e1cb871af7073eee4166ffca05c9fc025e40cd5cf2b9,,,,
G2_Q000004,G2_V000002,unclassified,emotional reasoning,scored,1,1,100.0,,/root/longemo/runtime/runs/noevent_runtime24_continuation_20260923,1e8ce65f12c96a5c230d480f3d631fd4f77a620f61b7ffc4fb9c8d4807df852f,743afe1a3b25a1fde1ca4484c52860f88b535cf6035dc9bc65cfe26bea47facb,,,,
G2_Q000005,G2_V000003,unclassified,emotional intensity comparison,blocked,,,,perception_content_filter,/root/longemo/runtime/runs/three_level_full558_gemini38_20260922,,,audio,W00051,14532312d7743872de68cd06eeaf4d53c9f913d391359c8a2c4bb90aec4450fb,e93aed85ef953c9a42b106d63df07e6749b3d4b08a842688b2227f802d6dbddd
G2_Q000006,G2_V000003,unclassified,emotional intensity comparison,blocked,,,,perception_content_filter,/root/longemo/runtime/runs/three_level_full558_gemini38_20260922,,,audio,W00051,14532312d7743872de68cd06eeaf4d53c9f913d391359c8a2c4bb90aec4450fb,e93aed85ef953c9a42b106d63df07e6749b3d4b08a842688b2227f802d6dbddd
G2_Q000007,G2_V000003,unclassified,emotional reasoning,blocked,,,,perception_content_filter,/root/longemo/runtime/runs/three_level_full558_gemini38_20260922,,,audio,W00051,14532312d7743872de68cd06eeaf4d53c9f913d391359c8a2c4bb90aec4450fb,e93aed85ef953c9a42b106d63df07e6749b3d4b08a842688b2227f802d6dbddd
G2_Q000008,G2_V000004,unclassified,emotional intensity comparison,scored,0,1,0.0,,/root/longemo/runtime/runs/three_level_full558_gemini38_20260922,b25fdaaa01bd332d4c2938b23b41cf61a2b2a172ca8c8a7bfbea6bfd4a748d82,315cb130882cff7f7e9a84091e9233f28ff8af763aa69325c371824a47619d57,,,,
G2_Q000009,G2_V000004,unclassified,emotion trajectory,scored,2,4,50.0,,/root/longemo/runtime/runs/three_level_full558_gemini38_20260922,b25fdaaa01bd332d4c2938b23b41cf61a2b2a172ca8c8a7bfbea6bfd4a748d82,5734c52f8cecbf3cb11619433646ae20e59740736d4141eee1a4a20090692cde,,,,
G2_Q000010,G2_V000005,unclassified,emotional reasoning,blocked,,,,perception_dlp_rejection,/root/longemo/runtime/runs/three_level_full558_gemini38_20260922,,,audio,W00018,e8cca5de9c199a9c1bb91d922a3f9b18af95bf592a511266ac91f706927c1efc,60eb63c20f107cb5ec50a573aebbc76f28d2f1ed31722cf949d1df27d2b35a7a
G2_Q000011,G2_V000005,unclassified,emotional reasoning,blocked,,,,perception_dlp_rejection,/root/longemo/runtime/runs/three_level_full558_gemini38_20260922,,,audio,W00018,e8cca5de9c199a9c1bb91d922a3f9b18af95bf592a511266ac91f706927c1efc,60eb63c20f107cb5ec50a573aebbc76f28d2f1ed31722cf949d1df27d2b35a7a
G2_Q000012,G2_V000006,unclassified,emotional intensity comparison,scored,0,1,0.0,,/root/longemo/runtime/runs/three_level_full558_gemini38_20260922,0811507680bd2233020b83583ebdfe5be2507afd7dbae1aac748c2a78f20630f,e1698ca81648572553bd4c17272de8df1d20d100bb4a5ba5f66a6355b4759f4c,,,,
G2_Q000013,G2_V000006,unclassified,emotional intensity comparison,scored,0,1,0.0,,/root/longemo/runtime/runs/three_level_full558_gemini38_20260922,0811507680bd2233020b83583ebdfe5be2507afd7dbae1aac748c2a78f20630f,8014196d9fefe047d5b818d34d5e9b77b53758ff59ea96020acae9c7e31ff1f5,,,,
G2_Q000014,G2_V000007,unclassified,emotion trajectory,scored,4,4,100.0,,/root/longemo/runtime/runs/noevent_http428_seed5_continuation_20260923,335ba38be6ac27bb0dfd1a4eac0e8f68583ceb80092ed684fc7862bed36f6969,bfd2b9ab65a0b83f0a4381e942a7e242d94b3029db229d8c4d0dab0e24c6e703,,,,
G2_Q000015,G2_V000007,unclassified,emotional intensity comparison,scored,1,1,100.0,,/root/longemo/runtime/runs/noevent_http428_seed5_continuation_20260923,335ba38be6ac27bb0dfd1a4eac0e8f68583ceb80092ed684fc7862bed36f6969,221f5869f45f9e09f86f545e3a5f95e6e3193b838fdf384abec32969cf692eaa,,,,
G2_Q000016,G2_V000008,unclassified,emotional reasoning,blocked,,,,perception_dlp_rejection,/root/longemo/runtime/runs/three_level_full558_gemini38_20260922,,,audio,W00036,42d8919ef4cfeb9f3e976237c5459d4355c123820d00c5305ff7b638af5c08b6,7e015905e084fe787c1d6c0ba57808f712369767bfe8244009fc7d379532e3e7
G2_Q000017,G2_V000009,unclassified,emotional reasoning,blocked,,,,perception_dlp_rejection,/root/longemo/runtime/runs/noevent_runtime24_continuation_20260923,,,visual,W00018,b6ada6871b0d43a7d6b6c9eb9a94d7de61da3241c8cce931e96e7f89a863bb2c,cce9ca4820925698fa2131e9e58cfa212f141091720decd7cdb40ddc213447bd
G2_Q000018,G2_V000009,unclassified,emotion trajectory,blocked,,,,perception_dlp_rejection,/root/longemo/runtime/runs/noevent_runtime24_continuation_20260923,,,visual,W00018,b6ada6871b0d43a7d6b6c9eb9a94d7de61da3241c8cce931e96e7f89a863bb2c,cce9ca4820925698fa2131e9e58cfa212f141091720decd7cdb40ddc213447bd
G2_Q000019,G2_V000009,unclassified,emotion trajectory,blocked,,,,perception_dlp_rejection,/root/longemo/runtime/runs/noevent_runtime24_continuation_20260923,,,visual,W00018,b6ada6871b0d43a7d6b6c9eb9a94d7de61da3241c8cce931e96e7f89a863bb2c,cce9ca4820925698fa2131e9e58cfa212f141091720decd7cdb40ddc213447bd
G2_Q000020,G2_V000010,unclassified,emotion trajectory,scored,2,4,50.0,,/root/longemo/runtime/runs/three_level_full558_gemini38_20260922,e569ef8bfddbe47e04d6e84d51dc6a82cdd7427f2348af8c1dc7841ac8a18e81,cf7e203663d8bdac00789653d12b077f1dfa8aaa74bc537915bbdccf80e5b83e,,,,
G2_Q000021,G2_V000010,unclassified,emotion trajectory,scored,2,4,50.0,,/root/longemo/runtime/runs/three_level_full558_gemini38_20260922,e569ef8bfddbe47e04d6e84d51dc6a82cdd7427f2348af8c1dc7841ac8a18e81,64f4441b4bc10f73327425aa6cac7f42324b308acf5e59da46bc2094d816c2b0,,,,
G2_Q000022,G2_V000010,unclassified,emotional reasoning,scored,2,3,66.66666666666666,,/root/longemo/runtime/runs/three_level_full558_gemini38_20260922,e569ef8bfddbe47e04d6e84d51dc6a82cdd7427f2348af8c1dc7841ac8a18e81,c35affecb2b78323ef0dfc5269ea4fa6509ec57f3774246150f56f6e770a4cbc,,,,
G2_Q000023,G2_V000011,unclassified,emotion trajectory,blocked,,,,perception_content_filter,/root/longemo/runtime/runs/three_level_full558_gemini38_20260922,,,audio,W00001,7400ea96667112aab87d8c6b936e17c85a45dd9477b7cee911582de946e32d41,e101528c5b5bde8225a6db8ce5ea50222431c370dd7568069c497c2c88a2f56e
G2_Q000024,G2_V000012,unclassified,emotional reasoning,blocked,,,,perception_content_filter,/root/longemo/runtime/runs/three_level_full558_gemini38_20260922,,,audio,W00042,cc5849b143dedfd261e64588295caaf387befcc3ad9f8b649e0cf436e7195d51,446c26a0dc8f3ba8a018019fb28e80252a48191baf34515024be3b9317106308
G2_Q000025,G2_V000012,unclassified,emotional intensity comparison,blocked,,,,perception_content_filter,/root/longemo/runtime/runs/three_level_full558_gemini38_20260922,,,audio,W00042,cc5849b143dedfd261e64588295caaf387befcc3ad9f8b649e0cf436e7195d51,446c26a0dc8f3ba8a018019fb28e80252a48191baf34515024be3b9317106308
G2_Q000026,G2_V000012,unclassified,emotional intensity comparison,blocked,,,,perception_content_filter,/root/longemo/runtime/runs/three_level_full558_gemini38_20260922,,,audio,W00042,cc5849b143dedfd261e64588295caaf387befcc3ad9f8b649e0cf436e7195d51,446c26a0dc8f3ba8a018019fb28e80252a48191baf34515024be3b9317106308
G2_Q000027,G2_V000012,unclassified,emotion trajectory,blocked,,,,perception_content_filter,/root/longemo/runtime/runs/three_level_full558_gemini38_20260922,,,audio,W00042,cc5849b143dedfd261e64588295caaf387befcc3ad9f8b649e0cf436e7195d51,446c26a0dc8f3ba8a018019fb28e80252a48191baf34515024be3b9317106308
G2_Q000028,G2_V000013,unclassified,emotional reasoning,blocked,,,,perception_dlp_rejection,/root/longemo/runtime/runs/three_level_full558_gemini38_20260922,,,visual,W00018,4dbe6accee27e34af927b7e8bc863d4da3fb82d6f19a85060d0029696c0a90e1,dedeeb746f06414dabadf507477dc00ac0778a381d59f91b7db3728433195d47
G2_Q000029,G2_V000013,unclassified,emotional intensity comparison,blocked,,,,perception_dlp_rejection,/root/longemo/runtime/runs/three_level_full558_gemini38_20260922,,,visual,W00018,4dbe6accee27e34af927b7e8bc863d4da3fb82d6f19a85060d0029696c0a90e1,dedeeb746f06414dabadf507477dc00ac0778a381d59f91b7db3728433195d47
G2_Q000030,G2_V000013,unclassified,emotional reasoning,blocked,,,,perception_dlp_rejection,/root/longemo/runtime/runs/three_level_full558_gemini38_20260922,,,visual,W00018,4dbe6accee27e34af927b7e8bc863d4da3fb82d6f19a85060d0029696c0a90e1,dedeeb746f06414dabadf507477dc00ac0778a381d59f91b7db3728433195d47
G2_Q000031,G2_V000013,unclassified,emotional reasoning,blocked,,,,perception_dlp_rejection,/root/longemo/runtime/runs/three_level_full558_gemini38_20260922,,,visual,W00018,4dbe6accee27e34af927b7e8bc863d4da3fb82d6f19a85060d0029696c0a90e1,dedeeb746f06414dabadf507477dc00ac0778a381d59f91b7db3728433195d47
G2_Q000032,G2_V000014,unclassified,emotional intensity comparison,blocked,,,,perception_content_filter,/root/longemo/runtime/runs/noevent_runtime24_continuation_20260923,,,audio,W00024,e670184292c9205e24ea57f97a3185aa6db63d153de1e834f774fb0b267c6905,61807146b24de36939b6d1a68547c18ce348da0d23ea655886d2ca76193cc274
G2_Q000033,G2_V000014,unclassified,emotion trajectory,blocked,,,,perception_content_filter,/root/longemo/runtime/runs/noevent_runtime24_continuation_20260923,,,audio,W00024,e670184292c9205e24ea57f97a3185aa6db63d153de1e834f774fb0b267c6905,61807146b24de36939b6d1a68547c18ce348da0d23ea655886d2ca76193cc274
G2_Q000034,G2_V000014,unclassified,emotion trajectory,blocked,,,,perception_content_filter,/root/longemo/runtime/runs/noevent_runtime24_continuation_20260923,,,audio,W00024,e670184292c9205e24ea57f97a3185aa6db63d153de1e834f774fb0b267c6905,61807146b24de36939b6d1a68547c18ce348da0d23ea655886d2ca76193cc274
G2_Q000035,G2_V000014,unclassified,emotional intensity comparison,blocked,,,,perception_content_filter,/root/longemo/runtime/runs/noevent_runtime24_continuation_20260923,,,audio,W00024,e670184292c9205e24ea57f97a3185aa6db63d153de1e834f774fb0b267c6905,61807146b24de36939b6d1a68547c18ce348da0d23ea655886d2ca76193cc274
G2_Q000036,G2_V000015,unclassified,emotional reasoning,scored,0,3,0.0,,/root/longemo/runtime/runs/noevent_length5_continuation_20260923,244a8513dd6a5c080747d789933ba752e1db6e3d58e336ec2b16bd1cf23d4f73,ef1d59bbcfd7967755c33fef8e6338cb8758d27c973b15a8c34a5f359effc389,,,,
G2_Q000037,G2_V000015,unclassified,emotional reasoning,scored,0,1,0.0,,/root/longemo/runtime/runs/noevent_length5_continuation_20260923,244a8513dd6a5c080747d789933ba752e1db6e3d58e336ec2b16bd1cf23d4f73,5e7c437194bf214f2c3f0e682cb67717fab7af09f0f90aead4145024f114329e,,,,
G2_Q000038,G2_V000015,unclassified,emotional intensity comparison,scored,1,1,100.0,,/root/longemo/runtime/runs/noevent_length5_continuation_20260923,244a8513dd6a5c080747d789933ba752e1db6e3d58e336ec2b16bd1cf23d4f73,d6b8813289d95dd15cb7c6fc13ecacb82d5e0e65c9e662ce63e2a04ef1d75623,,,,
G2_Q000039,G2_V000015,unclassified,emotion trajectory,scored,2,4,50.0,,/root/longemo/runtime/runs/noevent_length5_continuation_20260923,244a8513dd6a5c080747d789933ba752e1db6e3d58e336ec2b16bd1cf23d4f73,5a83c8cbfad15ffe508c979011d6d5ac92348e3307d21713cfdbb6216f414755,,,,
G2_Q000040,G2_V000015,unclassified,emotional intensity comparison,blocked,,,,judge_content_filter,/root/longemo/runtime/runs/noevent_length5_continuation_20260923,,,score,,,244a8513dd6a5c080747d789933ba752e1db6e3d58e336ec2b16bd1cf23d4f73
G2_Q000041,G2_V000016,unclassified,emotional intensity comparison,scored,1,1,100.0,,/root/longemo/runtime/runs/three_level_full558_gemini38_20260922,ae8ab16be53ad701d5224ba7f8cd675564dc1600b6613d98e0a69485e0e8bc01,02e7ae932d099529e568ee3748f06a168fa430fc07dfadbf98a650b011eb161f,,,,
G2_Q000042,G2_V000016,unclassified,emotion trajectory,scored,2,4,50.0,,/root/longemo/runtime/runs/three_level_full558_gemini38_20260922,ae8ab16be53ad701d5224ba7f8cd675564dc1600b6613d98e0a69485e0e8bc01,c1dbb6a41d2fdc4bbb4e0a7e126ed23a5a7890c96a73b977dcf040181e96e4fb,,,,
G2_Q000043,G2_V000017,unclassified,emotional reasoning,scored,1,1,100.0,,/root/longemo/runtime/runs/three_level_full558_gemini38_20260922,522168f6f42188ec014522d5ef5f7829f9dc8f543b40c75ba51fe03cdcbbd95d,031b02c1a2ad83e391e8e91584a8863ac4a670fcba335b2c327dbdb2cf28ed96,,,,
G2_Q000044,G2_V000017,unclassified,emotional reasoning,scored,0,1,0.0,,/root/longemo/runtime/runs/three_level_full558_gemini38_20260922,522168f6f42188ec014522d5ef5f7829f9dc8f543b40c75ba51fe03cdcbbd95d,487dde35103bc01ed46ee5304e199c6763e190f691154017cb6a1fd1e9b1f990,,,,
G2_Q000045,G2_V000018,unclassified,emotional intensity comparison,scored,1,1,100.0,,/root/longemo/runtime/runs/three_level_full558_gemini38_20260922,e16614279d9d83f31c586d91077531f37b699b1ef8da519a114091a9b0fc64f7,71adaa9f8c08c55910a9ba91b7cc48e02289d6ecc1fd0e2fc842d5dc3b975e4b,,,,
G2_Q000046,G2_V000019,unclassified,emotional intensity comparison,scored,0,1,0.0,,/root/longemo/runtime/runs/three_level_full558_gemini38_20260922,0d922833e332788f16053c44a505d167f275b45a9a6f97779e622d6ef2d0deac,a1f6207997012d949ddcffa217f7e099a7bbee549093ad353a55c15f371dfd75,,,,
G2_Q000047,G2_V000019,unclassified,emotional intensity comparison,scored,0,1,0.0,,/root/longemo/runtime/runs/three_level_full558_gemini38_20260922,0d922833e332788f16053c44a505d167f275b45a9a6f97779e622d6ef2d0deac,50ee109b0739eca32488394295d15f57178595f13e29dc00dea26ed0dd8be27a,,,,
G2_Q000048,G2_V000020,unclassified,emotional reasoning,blocked,,,,perception_dlp_rejection,/root/longemo/runtime/runs/three_level_full558_gemini38_20260922,,,audio,W00007,a7b4311bfb59e458dfd87a4cbec84af692955afe18854aa08785148023ec91be,dcb5dbab8986e616156c31698ffe26b454bbbd221d4561625ca76ac15337afab
G2_Q000049,G2_V000021,unclassified,emotional intensity comparison,blocked,,,,perception_dlp_rejection,/root/longemo/runtime/runs/three_level_full558_gemini38_20260922,,,audio,W00024,c8f8358c18c92249d4a0552153906dc58dd1123021a43f088ef322c8c447758a,7a28082171a95a7fac49ce52a5ab54653a61a9171de6b463695e25aa49dc4af8
G2_Q000050,G2_V000021,unclassified,emotion trajectory,blocked,,,,perception_dlp_rejection,/root/longemo/runtime/runs/three_level_full558_gemini38_20260922,,,audio,W00024,c8f8358c18c92249d4a0552153906dc58dd1123021a43f088ef322c8c447758a,7a28082171a95a7fac49ce52a5ab54653a61a9171de6b463695e25aa49dc4af8
G2_Q000051,G2_V000022,unclassified,emotional intensity comparison,blocked,,,,perception_content_filter,/root/longemo/runtime/runs/three_level_full558_gemini38_20260922,,,audio,W00010,e49fa45554b6e02672189904ec17fbd06a400d7fe0f0b343fee12dc9e1b32130,b8b55201721662bd8239487ad05980ce975dd3cb895264d4b13223e775bc13de
G2_Q000052,G2_V000022,unclassified,emotion trajectory,blocked,,,,perception_content_filter,/root/longemo/runtime/runs/three_level_full558_gemini38_20260922,,,audio,W00010,e49fa45554b6e02672189904ec17fbd06a400d7fe0f0b343fee12dc9e1b32130,b8b55201721662bd8239487ad05980ce975dd3cb895264d4b13223e775bc13de
G2_Q000053,G2_V000022,unclassified,emotion trajectory,blocked,,,,perception_content_filter,/root/longemo/runtime/runs/three_level_full558_gemini38_20260922,,,audio,W00010,e49fa45554b6e02672189904ec17fbd06a400d7fe0f0b343fee12dc9e1b32130,b8b55201721662bd8239487ad05980ce975dd3cb895264d4b13223e775bc13de
G2_Q000054,G2_V000022,unclassified,emotional reasoning,blocked,,,,perception_content_filter,/root/longemo/runtime/runs/three_level_full558_gemini38_20260922,,,audio,W00010,e49fa45554b6e02672189904ec17fbd06a400d7fe0f0b343fee12dc9e1b32130,b8b55201721662bd8239487ad05980ce975dd3cb895264d4b13223e775bc13de
G2_Q000055,G2_V000022,unclassified,emotional reasoning,blocked,,,,perception_content_filter,/root/longemo/runtime/runs/three_level_full558_gemini38_20260922,,,audio,W00010,e49fa45554b6e02672189904ec17fbd06a400d7fe0f0b343fee12dc9e1b32130,b8b55201721662bd8239487ad05980ce975dd3cb895264d4b13223e775bc13de
G2_Q000056,G2_V000023,unclassified,emotion trajectory,blocked,,,,perception_content_filter,/root/longemo/runtime/runs/three_level_full558_gemini38_20260922,,,audio,W00009,f840ed19683c78b8d950ceb09420fcc9409ffa363401c3a2cdeeeb4cc83fbf8c,b2bd153b02f9952a667c5dd0662aca32f0b685b30a395bc931221181d1412bfd
G2_Q000057,G2_V000023,unclassified,emotion trajectory,blocked,,,,perception_content_filter,/root/longemo/runtime/runs/three_level_full558_gemini38_20260922,,,audio,W00009,f840ed19683c78b8d950ceb09420fcc9409ffa363401c3a2cdeeeb4cc83fbf8c,b2bd153b02f9952a667c5dd0662aca32f0b685b30a395bc931221181d1412bfd
G2_Q000058,G2_V000023,unclassified,emotion trajectory,blocked,,,,perception_content_filter,/root/longemo/runtime/runs/three_level_full558_gemini38_20260922,,,audio,W00009,f840ed19683c78b8d950ceb09420fcc9409ffa363401c3a2cdeeeb4cc83fbf8c,b2bd153b02f9952a667c5dd0662aca32f0b685b30a395bc931221181d1412bfd
G2_Q000059,G2_V000023,unclassified,emotion trajectory,blocked,,,,perception_content_filter,/root/longemo/runtime/runs/three_level_full558_gemini38_20260922,,,audio,W00009,f840ed19683c78b8d950ceb09420fcc9409ffa363401c3a2cdeeeb4cc83fbf8c,b2bd153b02f9952a667c5dd0662aca32f0b685b30a395bc931221181d1412bfd
G2_Q000060,G2_V000023,unclassified,emotional intensity comparison,blocked,,,,perception_content_filter,/root/longemo/runtime/runs/three_level_full558_gemini38_20260922,,,audio,W00009,f840ed19683c78b8d950ceb09420fcc9409ffa363401c3a2cdeeeb4cc83fbf8c,b2bd153b02f9952a667c5dd0662aca32f0b685b30a395bc931221181d1412bfd
G2_Q000061,G2_V000024,unclassified,emotional intensity comparison,scored,0,1,0.0,,/root/longemo/runtime/runs/three_level_full558_gemini38_20260922,07dbd1494788f2045759d1c96d5b432ac20b5520512a032a4614f445d77dddb9,6b291be3cbcbde72f23b2f8b58851611cb874b2f59931ad14e719f946aa0c551,,,,
G2_Q000062,G2_V000024,unclassified,emotional reasoning,scored,0,1,0.0,,/root/longemo/runtime/runs/three_level_full558_gemini38_20260922,07dbd1494788f2045759d1c96d5b432ac20b5520512a032a4614f445d77dddb9,8d6daedefe83ce20720a4864c120e35ea9a4b9e949a51744f7685d9cffc3e34f,,,,
G2_Q000063,G2_V000024,unclassified,emotional reasoning,scored,1,1,100.0,,/root/longemo/runtime/runs/three_level_full558_gemini38_20260922,07dbd1494788f2045759d1c96d5b432ac20b5520512a032a4614f445d77dddb9,28b913ae46c61222d653e72989d2642d132be06bb727c162a974c487af220a95,,,,
G2_Q000064,G2_V000024,unclassified,emotional reasoning,scored,1,1,100.0,,/root/longemo/runtime/runs/three_level_full558_gemini38_20260922,07dbd1494788f2045759d1c96d5b432ac20b5520512a032a4614f445d77dddb9,cd869522b7e7bf82ca363cf67db068a9150c274ff7439caf607b5e5164ea642d,,,,
G2_Q000065,G2_V000024,unclassified,emotional reasoning,scored,0,1,0.0,,/root/longemo/runtime/runs/three_level_full558_gemini38_20260922,07dbd1494788f2045759d1c96d5b432ac20b5520512a032a4614f445d77dddb9,e1700c945e4a3f541579c549a125aeaea61d5e0023f85b5464b3c284ca4eff44,,,,
G2_Q000066,G2_V000025,unclassified,emotional intensity comparison,blocked,,,,perception_content_filter,/root/longemo/runtime/runs/three_level_full558_gemini38_20260922,,,audio,W00004,b23c96ba2c7e8743b17e7ed4123685364363436a9c3a5e1e4c76af73fb4235d2,f70bb6d091aa1c57ab14a083ac443bc6ad932ec2c53280fa1664438c8fdae9eb
G2_Q000067,G2_V000025,unclassified,emotional intensity comparison,blocked,,,,perception_content_filter,/root/longemo/runtime/runs/three_level_full558_gemini38_20260922,,,audio,W00004,b23c96ba2c7e8743b17e7ed4123685364363436a9c3a5e1e4c76af73fb4235d2,f70bb6d091aa1c57ab14a083ac443bc6ad932ec2c53280fa1664438c8fdae9eb
G2_Q000068,G2_V000025,unclassified,emotion trajectory,blocked,,,,perception_content_filter,/root/longemo/runtime/runs/three_level_full558_gemini38_20260922,,,audio,W00004,b23c96ba2c7e8743b17e7ed4123685364363436a9c3a5e1e4c76af73fb4235d2,f70bb6d091aa1c57ab14a083ac443bc6ad932ec2c53280fa1664438c8fdae9eb
G2_Q000069,G2_V000025,unclassified,emotion trajectory,blocked,,,,perception_content_filter,/root/longemo/runtime/runs/three_level_full558_gemini38_20260922,,,audio,W00004,b23c96ba2c7e8743b17e7ed4123685364363436a9c3a5e1e4c76af73fb4235d2,f70bb6d091aa1c57ab14a083ac443bc6ad932ec2c53280fa1664438c8fdae9eb
G2_Q000070,G2_V000025,unclassified,emotion trajectory,blocked,,,,perception_content_filter,/root/longemo/runtime/runs/three_level_full558_gemini38_20260922,,,audio,W00004,b23c96ba2c7e8743b17e7ed4123685364363436a9c3a5e1e4c76af73fb4235d2,f70bb6d091aa1c57ab14a083ac443bc6ad932ec2c53280fa1664438c8fdae9eb
G2_Q000071,G2_V000026,unclassified,emotion trajectory,scored,1,4,25.0,,/root/longemo/runtime/runs/noevent_embedding_recovery_20260923_v2,20fa998a078a7538bc07edbec5c656c886ce27a52371dc737cf5b79c985397af,32379ad10e03b8281ff43821f520ef9a473ebd45988976f4d31498d11cadefe9,,,,
G2_Q000072,G2_V000026,unclassified,emotional intensity comparison,scored,0,1,0.0,,/root/longemo/runtime/runs/noevent_embedding_recovery_20260923_v2,20fa998a078a7538bc07edbec5c656c886ce27a52371dc737cf5b79c985397af,5cbe81c4cb4901bf05aae8f8d91090c79ed419ab896d5af2113c781c36d538e0,,,,
G2_Q000073,G2_V000027,unclassified,emotion trajectory,scored,2,4,50.0,,/root/longemo/runtime/runs/three_level_full558_gemini38_20260922,487b907b12c91671cb419ef7f3d8680af9216eb5cd9417174f2148274b91eb08,12c7ee8ba162d455f62cee16d78a19d037d48811a0e61a4e67ca9f347bad721b,,,,
G2_Q000074,G2_V000027,unclassified,emotion trajectory,scored,2,4,50.0,,/root/longemo/runtime/runs/three_level_full558_gemini38_20260922,487b907b12c91671cb419ef7f3d8680af9216eb5cd9417174f2148274b91eb08,64cc429aad0e92374a128a9489ed24943a559afad0931cf992826628f1d5fd2e,,,,
G2_Q000075,G2_V000027,unclassified,emotional reasoning,scored,0,1,0.0,,/root/longemo/runtime/runs/three_level_full558_gemini38_20260922,487b907b12c91671cb419ef7f3d8680af9216eb5cd9417174f2148274b91eb08,4b6805133cb8a82742e190c76d2fd0cc6aca08cc54cfc388668a155740f3d27c,,,,
G2_Q000076,G2_V000028,unclassified,emotional intensity comparison,scored,0,1,0.0,,/root/longemo/runtime/runs/three_level_full558_gemini38_20260922,d1af2bd3d9ad35da1463e8188d3758959876cc159512c76f078e42ca7f5cbdde,9a24f775ae4713b0cbcc5386d598348b392584590259e554c5f1b1756b39d33b,,,,
G2_Q000077,G2_V000028,unclassified,emotion trajectory,scored,0,4,0.0,,/root/longemo/runtime/runs/three_level_full558_gemini38_20260922,d1af2bd3d9ad35da1463e8188d3758959876cc159512c76f078e42ca7f5cbdde,15131f8348b6f633fe7e9f7f5079974c4e8c7b645ff0a92b7def18215db9aa66,,,,
G2_Q000078,G2_V000028,unclassified,emotion trajectory,scored,2,4,50.0,,/root/longemo/runtime/runs/three_level_full558_gemini38_20260922,d1af2bd3d9ad35da1463e8188d3758959876cc159512c76f078e42ca7f5cbdde,e25ab1817fbb0723f88a4112742f71d99a80852c4b110c55142478af3840d9c6,,,,
G2_Q000079,G2_V000028,unclassified,emotion trajectory,scored,1,4,25.0,,/root/longemo/runtime/runs/three_level_full558_gemini38_20260922,d1af2bd3d9ad35da1463e8188d3758959876cc159512c76f078e42ca7f5cbdde,cd18c2ef3ab87b3a4103a1780d5b4a37840f74362d10699f39c13c2d2cf6445f,,,,
G2_Q000080,G2_V000028,unclassified,emotional reasoning,scored,0,3,0.0,,/root/longemo/runtime/runs/three_level_full558_gemini38_20260922,d1af2bd3d9ad35da1463e8188d3758959876cc159512c76f078e42ca7f5cbdde,40f6bbc85be88fc7d857b69b92ffe57b714a338d11746d1189121ee00106f6dd,,,,
G2_Q000081,G2_V000028,unclassified,emotional reasoning,scored,2,3,66.66666666666666,,/root/longemo/runtime/runs/three_level_full558_gemini38_20260922,d1af2bd3d9ad35da1463e8188d3758959876cc159512c76f078e42ca7f5cbdde,c2b28d3ef3965e96ced795f11b223265022dc7e635c6f23fed4b2712d6f97607,,,,
G2_Q000082,G2_V000029,unclassified,emotional intensity comparison,scored,0,1,0.0,,/root/longemo/runtime/runs/three_level_full558_gemini38_20260922,003cdc8bb2696f47b2236e0ad4145909037145cd3b6841f07e689701d96275eb,7783fd8221e92b8f768b13f926d84303c87a34615ad7ea98c2687d6e314f50e7,,,,
G2_Q000083,G2_V000029,unclassified,emotion trajectory,scored,1,4,25.0,,/root/longemo/runtime/runs/three_level_full558_gemini38_20260922,003cdc8bb2696f47b2236e0ad4145909037145cd3b6841f07e689701d96275eb,1fc699ac64d1c9dfaa1ac8d39d278309abe7e995e5dd5b82b6852c0d378f45fe,,,,
G2_Q000084,G2_V000029,unclassified,emotion trajectory,scored,1,4,25.0,,/root/longemo/runtime/runs/three_level_full558_gemini38_20260922,003cdc8bb2696f47b2236e0ad4145909037145cd3b6841f07e689701d96275eb,16ebe4cf0597f60fb881fae38d62f11503777d719395a78742773c2a0c843e80,,,,
G2_Q000085,G2_V000029,unclassified,emotional reasoning,scored,2,3,66.66666666666666,,/root/longemo/runtime/runs/three_level_full558_gemini38_20260922,003cdc8bb2696f47b2236e0ad4145909037145cd3b6841f07e689701d96275eb,21472fa33e8abe8154180f9f494344e97da8906181db9a353077e8a4b07f902e,,,,
G2_Q000086,G2_V000030,unclassified,emotion trajectory,scored,2,4,50.0,,/root/longemo/runtime/runs/three_level_full558_gemini38_20260922,b87655c15b272c145964088af48c8af762da1bdfca56d2a3f4ca7e47c212b5d0,a61acc01967641c3eb4cd8d697bf34fad5d0f418313206b7732298b3b562d728,,,,
G2_Q000087,G2_V000030,unclassified,emotion trajectory,scored,2,4,50.0,,/root/longemo/runtime/runs/three_level_full558_gemini38_20260922,b87655c15b272c145964088af48c8af762da1bdfca56d2a3f4ca7e47c212b5d0,a9511f00c59dad55a317d8d2e28fc7ed5c134ffc4eeac0522dbcb5fe3fcce55f,,,,
G2_Q000088,G2_V000031,unclassified,emotional intensity comparison,blocked,,,,perception_content_filter,/root/longemo/runtime/runs/noevent_v31_seed_continuation_20260923,,,audio,W00046,004b10ed27ef9221aafa7d2981152ad2a8c1e9ab112ff8ada40ad6429f3cd710,2d637d1c0733ece84377c8dc54a21da80991ac67d10642e1964c086f5ee4180a
G2_Q000089,G2_V000031,unclassified,emotional intensity comparison,blocked,,,,perception_content_filter,/root/longemo/runtime/runs/noevent_v31_seed_continuation_20260923,,,audio,W00046,004b10ed27ef9221aafa7d2981152ad2a8c1e9ab112ff8ada40ad6429f3cd710,2d637d1c0733ece84377c8dc54a21da80991ac67d10642e1964c086f5ee4180a
G2_Q000090,G2_V000031,unclassified,emotion trajectory,blocked,,,,perception_content_filter,/root/longemo/runtime/runs/noevent_v31_seed_continuation_20260923,,,audio,W00046,004b10ed27ef9221aafa7d2981152ad2a8c1e9ab112ff8ada40ad6429f3cd710,2d637d1c0733ece84377c8dc54a21da80991ac67d10642e1964c086f5ee4180a
G2_Q000091,G2_V000032,Frasier,emotion trajectory,scored,2,4,50.0,,/root/longemo/runtime/runs/three_level_full558_gemini38_20260922,7a9da3c89e9b0f766e08674ff33d83b8e9571fd20d823b338e148d015cf268bd,f6833bfdc6f3c2d393bba25013ceee9ba10eeb2ec317f1b356abc7ba621e36b4,,,,
G2_Q000092,G2_V000032,Frasier,emotional reasoning,scored,0,1,0.0,,/root/longemo/runtime/runs/three_level_full558_gemini38_20260922,7a9da3c89e9b0f766e08674ff33d83b8e9571fd20d823b338e148d015cf268bd,2aafe2212dd374f7e3588afba05a7d3d6fc03ef1fcf3a7baedf9dd354b22ebde,,,,
G2_Q000093,G2_V000032,Frasier,emotional reasoning,scored,0,1,0.0,,/root/longemo/runtime/runs/three_level_full558_gemini38_20260922,7a9da3c89e9b0f766e08674ff33d83b8e9571fd20d823b338e148d015cf268bd,01aebdb87903c3ebeea908b2b6ffaf95208d24ee8fa02791b82f858f79cd77dc,,,,
G2_Q000094,G2_V000033,Frasier,emotional intensity comparison,scored,0,1,0.0,,/root/longemo/runtime/runs/three_level_full558_gemini38_20260922,78d58f8ca94db92dd8f212131cc5dc85b5c8b734d77857fb8ca95f07eb2917ea,d55e987086615dceff896d47d22ba8cf1a6ca4a56574b2c3e0833992978f1df5,,,,
G2_Q000095,G2_V000033,Frasier,emotional intensity comparison,scored,0,1,0.0,,/root/longemo/runtime/runs/three_level_full558_gemini38_20260922,78d58f8ca94db92dd8f212131cc5dc85b5c8b734d77857fb8ca95f07eb2917ea,ef386eef126baa92ab8e447e188cfa6ba6b19347cb85bdc2611000fa1ed56831,,,,
G2_Q000096,G2_V000033,Frasier,emotion trajectory,scored,0,4,0.0,,/root/longemo/runtime/runs/three_level_full558_gemini38_20260922,78d58f8ca94db92dd8f212131cc5dc85b5c8b734d77857fb8ca95f07eb2917ea,f2fb22d15a358a62d77b7b83a8b578adb45505b18e65fdb731d4eab21120c255,,,,
G2_Q000097,G2_V000034,Frasier,emotional intensity comparison,blocked,,,,perception_dlp_rejection,/root/longemo/runtime/runs/three_level_full558_gemini38_20260922,,,audio,W00045,a45008b3677dd2dd94235fce0878e9779a21e106734c3e5da895d3815d871808,c99eccdbb75f0c689b7f2f89bc97274c3df23b02173cd9b58bc4b6120b31a6a0
G2_Q000098,G2_V000034,Frasier,emotional intensity comparison,blocked,,,,perception_dlp_rejection,/root/longemo/runtime/runs/three_level_full558_gemini38_20260922,,,audio,W00045,a45008b3677dd2dd94235fce0878e9779a21e106734c3e5da895d3815d871808,c99eccdbb75f0c689b7f2f89bc97274c3df23b02173cd9b58bc4b6120b31a6a0
G2_Q000099,G2_V000034,Frasier,emotion trajectory,blocked,,,,perception_dlp_rejection,/root/longemo/runtime/runs/three_level_full558_gemini38_20260922,,,audio,W00045,a45008b3677dd2dd94235fce0878e9779a21e106734c3e5da895d3815d871808,c99eccdbb75f0c689b7f2f89bc97274c3df23b02173cd9b58bc4b6120b31a6a0
G2_Q000100,G2_V000034,Frasier,emotional reasoning,blocked,,,,perception_dlp_rejection,/root/longemo/runtime/runs/three_level_full558_gemini38_20260922,,,audio,W00045,a45008b3677dd2dd94235fce0878e9779a21e106734c3e5da895d3815d871808,c99eccdbb75f0c689b7f2f89bc97274c3df23b02173cd9b58bc4b6120b31a6a0
G2_Q000101,G2_V000034,Frasier,emotional reasoning,blocked,,,,perception_dlp_rejection,/root/longemo/runtime/runs/three_level_full558_gemini38_20260922,,,audio,W00045,a45008b3677dd2dd94235fce0878e9779a21e106734c3e5da895d3815d871808,c99eccdbb75f0c689b7f2f89bc97274c3df23b02173cd9b58bc4b6120b31a6a0
G2_Q000102,G2_V000035,Frasier,emotional intensity comparison,blocked,,,,perception_content_filter,/root/longemo/runtime/runs/three_level_full558_gemini38_20260922,,,audio,W00060,94034d81a899e623f67d126fe2c507fdd411f648fff8752723bf1ee033fcee34,3b3bde75665e43dc1b8984681a53b531f669428c2832418be6a7cb553410fe41
G2_Q000103,G2_V000035,Frasier,emotional intensity comparison,blocked,,,,perception_content_filter,/root/longemo/runtime/runs/three_level_full558_gemini38_20260922,,,audio,W00060,94034d81a899e623f67d126fe2c507fdd411f648fff8752723bf1ee033fcee34,3b3bde75665e43dc1b8984681a53b531f669428c2832418be6a7cb553410fe41
G2_Q000104,G2_V000035,Frasier,emotion trajectory,blocked,,,,perception_content_filter,/root/longemo/runtime/runs/three_level_full558_gemini38_20260922,,,audio,W00060,94034d81a899e623f67d126fe2c507fdd411f648fff8752723bf1ee033fcee34,3b3bde75665e43dc1b8984681a53b531f669428c2832418be6a7cb553410fe41
G2_Q000105,G2_V000035,Frasier,emotional reasoning,blocked,,,,perception_content_filter,/root/longemo/runtime/runs/three_level_full558_gemini38_20260922,,,audio,W00060,94034d81a899e623f67d126fe2c507fdd411f648fff8752723bf1ee033fcee34,3b3bde75665e43dc1b8984681a53b531f669428c2832418be6a7cb553410fe41
G2_Q000106,G2_V000035,Frasier,emotion trajectory,blocked,,,,perception_content_filter,/root/longemo/runtime/runs/three_level_full558_gemini38_20260922,,,audio,W00060,94034d81a899e623f67d126fe2c507fdd411f648fff8752723bf1ee033fcee34,3b3bde75665e43dc1b8984681a53b531f669428c2832418be6a7cb553410fe41
G2_Q000107,G2_V000036,Frasier,emotion trajectory,scored,0,4,0.0,,/root/longemo/runtime/runs/three_level_full558_gemini38_20260922,0fe2b3990e86107f702853d394b7e53834367020b5ebf3d2c43f745fbd2aceed,24f88d378ec7884d0b0200b8e0ff0a418be700555d6e9d9320fa960212643e8c,,,,
G2_Q000108,G2_V000036,Frasier,emotional intensity comparison,scored,0,1,0.0,,/root/longemo/runtime/runs/three_level_full558_gemini38_20260922,0fe2b3990e86107f702853d394b7e53834367020b5ebf3d2c43f745fbd2aceed,7db0c1da0eba908ef4a630ab7389fe60c971bd29cf42276bad18f094d87894b9,,,,
G2_Q000109,G2_V000037,Frasier,emotional intensity comparison,blocked,,,,perception_content_filter,/root/longemo/runtime/runs/three_level_full558_gemini38_20260922,,,audio,W00040,88ab2f58f08cc8e784caddcc5e06a859e1483ccde72d05c23d943b39a996dec5,b965b6e4625577ba4b97e5d0260b7d34038d85f87fc5cf8561743bc3b9446942
G2_Q000110,G2_V000037,Frasier,emotion trajectory,blocked,,,,perception_content_filter,/root/longemo/runtime/runs/three_level_full558_gemini38_20260922,,,audio,W00040,88ab2f58f08cc8e784caddcc5e06a859e1483ccde72d05c23d943b39a996dec5,b965b6e4625577ba4b97e5d0260b7d34038d85f87fc5cf8561743bc3b9446942
G2_Q000111,G2_V000037,Frasier,emotional reasoning,blocked,,,,perception_content_filter,/root/longemo/runtime/runs/three_level_full558_gemini38_20260922,,,audio,W00040,88ab2f58f08cc8e784caddcc5e06a859e1483ccde72d05c23d943b39a996dec5,b965b6e4625577ba4b97e5d0260b7d34038d85f87fc5cf8561743bc3b9446942
G2_Q000112,G2_V000038,unclassified,emotional intensity comparison,blocked,,,,perception_dlp_rejection,/root/longemo/runtime/runs/three_level_full558_gemini38_20260922,,,audio,W00009,f7d85bdc7b0c4bad9cda770d60ad1034e624951fe00915618463201b6e06dc6c,4dade8745d1566b8edfdeb2774a3b918cfe981c963559306c8aa44a7249f4e48
G2_Q000113,G2_V000038,unclassified,emotional intensity comparison,blocked,,,,perception_dlp_rejection,/root/longemo/runtime/runs/three_level_full558_gemini38_20260922,,,audio,W00009,f7d85bdc7b0c4bad9cda770d60ad1034e624951fe00915618463201b6e06dc6c,4dade8745d1566b8edfdeb2774a3b918cfe981c963559306c8aa44a7249f4e48
G2_Q000114,G2_V000038,unclassified,emotion trajectory,blocked,,,,perception_dlp_rejection,/root/longemo/runtime/runs/three_level_full558_gemini38_20260922,,,audio,W00009,f7d85bdc7b0c4bad9cda770d60ad1034e624951fe00915618463201b6e06dc6c,4dade8745d1566b8edfdeb2774a3b918cfe981c963559306c8aa44a7249f4e48
G2_Q000115,G2_V000038,unclassified,emotion trajectory,blocked,,,,perception_dlp_rejection,/root/longemo/runtime/runs/three_level_full558_gemini38_20260922,,,audio,W00009,f7d85bdc7b0c4bad9cda770d60ad1034e624951fe00915618463201b6e06dc6c,4dade8745d1566b8edfdeb2774a3b918cfe981c963559306c8aa44a7249f4e48
G2_Q000116,G2_V000038,unclassified,emotion trajectory,blocked,,,,perception_dlp_rejection,/root/longemo/runtime/runs/three_level_full558_gemini38_20260922,,,audio,W00009,f7d85bdc7b0c4bad9cda770d60ad1034e624951fe00915618463201b6e06dc6c,4dade8745d1566b8edfdeb2774a3b918cfe981c963559306c8aa44a7249f4e48
G2_Q000117,G2_V000039,Frasier,emotional intensity comparison,scored,0,1,0.0,,/root/longemo/runtime/runs/three_level_full558_gemini38_20260922,016ff409dfce778f9fff73ed448f1dcebf508e67aabfc200feb5f88c3cd4b924,a13c9030669f769418b2378a78ea1899c6b1b7c5c5a2c56582e9d717e7df66b1,,,,
G2_Q000118,G2_V000039,Frasier,emotion trajectory,scored,0,4,0.0,,/root/longemo/runtime/runs/three_level_full558_gemini38_20260922,016ff409dfce778f9fff73ed448f1dcebf508e67aabfc200feb5f88c3cd4b924,e547d26152cf9c20671b8b6e32c3b280dc8b49ee5fcc8de63895891b416cc5a6,,,,
G2_Q000119,G2_V000039,Frasier,emotional reasoning,scored,0,3,0.0,,/root/longemo/runtime/runs/three_level_full558_gemini38_20260922,016ff409dfce778f9fff73ed448f1dcebf508e67aabfc200feb5f88c3cd4b924,4ce8729726dd7ddbc8f1cb7a1b05fb11ad6dec5b5d8ecd48320bc65178f88054,,,,
G2_Q000120,G2_V000039,Frasier,emotional reasoning,scored,0,3,0.0,,/root/longemo/runtime/runs/three_level_full558_gemini38_20260922,016ff409dfce778f9fff73ed448f1dcebf508e67aabfc200feb5f88c3cd4b924,4311c3615a79cbdafbe253c9c2ea5c3c9b2d5d424e74a038dba04aa69b62db27,,,,
G2_Q000121,G2_V000040,Frasier,emotional intensity comparison,scored,1,1,100.0,,/root/longemo/runtime/runs/noevent_runtime24_continuation_20260923,0cc191866cc4b3a41c72b40116081b25e93888708cd3159fac17258656927981,0f46e207eca74db061e8e4705970860b018478b840d30a605d3653501740bb88,,,,
G2_Q000122,G2_V000040,Frasier,emotion trajectory,scored,0,4,0.0,,/root/longemo/runtime/runs/noevent_runtime24_continuation_20260923,0cc191866cc4b3a41c72b40116081b25e93888708cd3159fac17258656927981,d1545a3efac0815aee221dbdd9319963c0106b5b86a0f6a8f4501498d34418f1,,,,
G2_Q000123,G2_V000041,Frasier,emotional intensity comparison,scored,0,1,0.0,,/root/longemo/runtime/runs/three_level_full558_gemini38_20260922,34a3f3a579dcedd3ab09a9cae36ccd481765315d08660417a9dd22023ccf3c39,297fd801f2ca94482b63e93481438b6704827038a788a25551d311176fac1dd4,,,,
G2_Q000124,G2_V000041,Frasier,emotional intensity comparison,scored,0,1,0.0,,/root/longemo/runtime/runs/three_level_full558_gemini38_20260922,34a3f3a579dcedd3ab09a9cae36ccd481765315d08660417a9dd22023ccf3c39,ed9e2e7eb5d3feb3f19e68281bc788895d3f6e115bfa00cba3528c2c7a855ba2,,,,
G2_Q000125,G2_V000041,Frasier,emotional intensity comparison,scored,0,1,0.0,,/root/longemo/runtime/runs/three_level_full558_gemini38_20260922,34a3f3a579dcedd3ab09a9cae36ccd481765315d08660417a9dd22023ccf3c39,9531613ef048cf48bcc169cefe93e7039478cb8d494eb63cdab13229fc4fef84,,,,
G2_Q000126,G2_V000041,Frasier,emotion trajectory,scored,0,4,0.0,,/root/longemo/runtime/runs/three_level_full558_gemini38_20260922,34a3f3a579dcedd3ab09a9cae36ccd481765315d08660417a9dd22023ccf3c39,07b1766630df10ae89c487d29d675b454fc382a7fa12623041aac95e8976063d,,,,
G2_Q000127,G2_V000041,Frasier,emotional reasoning,scored,2,3,66.66666666666666,,/root/longemo/runtime/runs/three_level_full558_gemini38_20260922,34a3f3a579dcedd3ab09a9cae36ccd481765315d08660417a9dd22023ccf3c39,35d33ab985d3754e2397707eac182856e95f65449aa422949ebed033909b385b,,,,
G2_Q000128,G2_V000042,unclassified,emotional intensity comparison,blocked,,,,perception_dlp_rejection,/root/longemo/runtime/runs/three_level_full558_gemini38_20260922,,,audio,W00022,1112326bfc6115ce092cc0d3c404ec12bd004e935cfcc6764a8efa6184fe152e,056a6af531b3a385baf49e766af215df5a4fbae74c180da1409f09f7484d6695
G2_Q000129,G2_V000042,unclassified,emotional intensity comparison,blocked,,,,perception_dlp_rejection,/root/longemo/runtime/runs/three_level_full558_gemini38_20260922,,,audio,W00022,1112326bfc6115ce092cc0d3c404ec12bd004e935cfcc6764a8efa6184fe152e,056a6af531b3a385baf49e766af215df5a4fbae74c180da1409f09f7484d6695
G2_Q000130,G2_V000042,unclassified,emotion trajectory,blocked,,,,perception_dlp_rejection,/root/longemo/runtime/runs/three_level_full558_gemini38_20260922,,,audio,W00022,1112326bfc6115ce092cc0d3c404ec12bd004e935cfcc6764a8efa6184fe152e,056a6af531b3a385baf49e766af215df5a4fbae74c180da1409f09f7484d6695
G2_Q000131,G2_V000042,unclassified,emotion trajectory,blocked,,,,perception_dlp_rejection,/root/longemo/runtime/runs/three_level_full558_gemini38_20260922,,,audio,W00022,1112326bfc6115ce092cc0d3c404ec12bd004e935cfcc6764a8efa6184fe152e,056a6af531b3a385baf49e766af215df5a4fbae74c180da1409f09f7484d6695
G2_Q000132,G2_V000043,Frasier,emotional intensity comparison,scored,0,1,0.0,,/root/longemo/runtime/runs/three_level_full558_gemini38_20260922,31abd7a8d9fdf4c4909d6b58adca4c19f87e6cb48fe3d19b51704445ae59546f,8125a2b30ab22b32ae7bb34f72ce42404aa4aac7c80a4879c3924259017c1a38,,,,
G2_Q000133,G2_V000043,Frasier,emotional intensity comparison,scored,0,1,0.0,,/root/longemo/runtime/runs/three_level_full558_gemini38_20260922,31abd7a8d9fdf4c4909d6b58adca4c19f87e6cb48fe3d19b51704445ae59546f,eb4f4abcd827150e05ba9449eecf512fa1bc501f79c24c972fbf3d242b90468d,,,,
G2_Q000134,G2_V000043,Frasier,emotion trajectory,scored,0,4,0.0,,/root/longemo/runtime/runs/three_level_full558_gemini38_20260922,31abd7a8d9fdf4c4909d6b58adca4c19f87e6cb48fe3d19b51704445ae59546f,2f71ff6a67523e2e69f3612e548b91e3a32dde3ca5210bcb71a0cbdd996cd81d,,,,
G2_Q000135,G2_V000043,Frasier,emotion trajectory,scored,0,4,0.0,,/root/longemo/runtime/runs/three_level_full558_gemini38_20260922,31abd7a8d9fdf4c4909d6b58adca4c19f87e6cb48fe3d19b51704445ae59546f,d8310b49d0b82a614cbf562897fdc95b1eebf644b81857ccc2f62e67a8fe0139,,,,
G2_Q000136,G2_V000043,Frasier,emotional reasoning,scored,2,3,66.66666666666666,,/root/longemo/runtime/runs/three_level_full558_gemini38_20260922,31abd7a8d9fdf4c4909d6b58adca4c19f87e6cb48fe3d19b51704445ae59546f,daf2b8fb20b0ee7f901cfd71fb0cba9f8a69facd4aab89ac0b53044efba6a417,,,,
G2_Q000137,G2_V000044,Frasier,emotional intensity comparison,scored,0,1,0.0,,/root/longemo/runtime/runs/three_level_full558_gemini38_20260922,b43095a1e409121f5f6bc670866df0b63121bbb74044bc9ac1121cd4013b5975,54496ab57db7bb1cf83d3605e7683c8dd716f479423ae63d7d062952fd38f626,,,,
G2_Q000138,G2_V000044,Frasier,emotion trajectory,scored,0,4,0.0,,/root/longemo/runtime/runs/three_level_full558_gemini38_20260922,b43095a1e409121f5f6bc670866df0b63121bbb74044bc9ac1121cd4013b5975,b0b686d5165d688c44683704ec5855d908eda0997a635c69685f0bcd93266902,,,,
G2_Q000139,G2_V000044,Frasier,emotional reasoning,scored,1,1,100.0,,/root/longemo/runtime/runs/three_level_full558_gemini38_20260922,b43095a1e409121f5f6bc670866df0b63121bbb74044bc9ac1121cd4013b5975,a459a71a3f3df05ef5a0b09ec7aeabfc8f1d831e87b010d445014a541551048a,,,,
G2_Q000140,G2_V000044,Frasier,emotion trajectory,scored,0,4,0.0,,/root/longemo/runtime/runs/three_level_full558_gemini38_20260922,b43095a1e409121f5f6bc670866df0b63121bbb74044bc9ac1121cd4013b5975,7846f6a5fef0379bbfca064f833fe0c4cf940e900792c7bc6f577e10cac70283,,,,
G2_Q000141,G2_V000045,Frasier,emotional intensity comparison,scored,0,1,0.0,,/root/longemo/runtime/runs/three_level_full558_gemini38_20260922,6b3004c4c2a74c43fdbe628a0dc2a2ff2c2bd78095d7ba33c5dac2aa0e3dce62,da5770e73e79e34a7bac505e42a604e126f6f6f48fc865da9232817b40068ce3,,,,
G2_Q000142,G2_V000045,Frasier,emotional intensity comparison,scored,0,1,0.0,,/root/longemo/runtime/runs/three_level_full558_gemini38_20260922,6b3004c4c2a74c43fdbe628a0dc2a2ff2c2bd78095d7ba33c5dac2aa0e3dce62,43f37a0275e1dc746e081077284451aeefe1e345f1af12cc2d5c1b5314785033,,,,
G2_Q000143,G2_V000045,Frasier,emotion trajectory,scored,2,4,50.0,,/root/longemo/runtime/runs/three_level_full558_gemini38_20260922,6b3004c4c2a74c43fdbe628a0dc2a2ff2c2bd78095d7ba33c5dac2aa0e3dce62,63b11f4caac9faeee892873108ad6b5d6b757d6d44946fa566bdef086113d652,,,,
G2_Q000144,G2_V000046,unclassified,emotional intensity comparison,blocked,,,,perception_content_filter,/root/longemo/runtime/runs/three_level_full558_gemini38_20260922,,,audio,W00010,8e6e2c5826fb7b156af91f7ecb302bc6915842d13f0a18929f12498373acc39d,635647a89424fea1356dfab4e001b7a9ea2de227f1377c5e3337301dfdbd9619
G2_Q000145,G2_V000046,unclassified,emotion trajectory,blocked,,,,perception_content_filter,/root/longemo/runtime/runs/three_level_full558_gemini38_20260922,,,audio,W00010,8e6e2c5826fb7b156af91f7ecb302bc6915842d13f0a18929f12498373acc39d,635647a89424fea1356dfab4e001b7a9ea2de227f1377c5e3337301dfdbd9619
G2_Q000146,G2_V000046,unclassified,emotion trajectory,blocked,,,,perception_content_filter,/root/longemo/runtime/runs/three_level_full558_gemini38_20260922,,,audio,W00010,8e6e2c5826fb7b156af91f7ecb302bc6915842d13f0a18929f12498373acc39d,635647a89424fea1356dfab4e001b7a9ea2de227f1377c5e3337301dfdbd9619
G2_Q000147,G2_V000047,Frasier,emotional intensity comparison,scored,0,1,0.0,,/root/longemo/runtime/runs/three_level_full558_gemini38_20260922,cc6f8926f479deeaff85244ceb7a3843c7dfa99134a782a726f398e9e6ad2fce,0e56c5aafed3449d494d66b7d965eee2d8388a7eaf0fa85cfd5b58f7fb91f5fb,,,,
G2_Q000148,G2_V000047,Frasier,emotional intensity comparison,scored,0,1,0.0,,/root/longemo/runtime/runs/three_level_full558_gemini38_20260922,cc6f8926f479deeaff85244ceb7a3843c7dfa99134a782a726f398e9e6ad2fce,971f1d64650c4acc1f11672c33c056a1bfc8098339e55f6929cb8a6e6f8f12b7,,,,
G2_Q000149,G2_V000047,Frasier,emotion trajectory,scored,0,4,0.0,,/root/longemo/runtime/runs/three_level_full558_gemini38_20260922,cc6f8926f479deeaff85244ceb7a3843c7dfa99134a782a726f398e9e6ad2fce,020e54f398507a9cde281a0a0c9c55e677b57b68f3928d6154370bc686d8b9f8,,,,
G2_Q000150,G2_V000047,Frasier,emotion trajectory,scored,0,4,0.0,,/root/longemo/runtime/runs/three_level_full558_gemini38_20260922,cc6f8926f479deeaff85244ceb7a3843c7dfa99134a782a726f398e9e6ad2fce,d9f50a163438302f3d609bb0410679215b06055afa2f2788e43d0f5cf42d95c7,,,,
G2_Q000151,G2_V000048,Frasier,emotional intensity comparison,blocked,,,,perception_content_filter,/root/longemo/runtime/runs/three_level_full558_gemini38_20260922,,,audio,W00012,6f43bde05dd53114d4f94acbe4d44f6d6cd11ab1612d2391b7c140e8f32b0bae,7455e58c7570ac383e6043fd5da3f40321b29bd9efdfdba1833575a4132d0f53
G2_Q000152,G2_V000048,Frasier,emotion trajectory,blocked,,,,perception_content_filter,/root/longemo/runtime/runs/three_level_full558_gemini38_20260922,,,audio,W00012,6f43bde05dd53114d4f94acbe4d44f6d6cd11ab1612d2391b7c140e8f32b0bae,7455e58c7570ac383e6043fd5da3f40321b29bd9efdfdba1833575a4132d0f53
G2_Q000153,G2_V000048,Frasier,emotion trajectory,blocked,,,,perception_content_filter,/root/longemo/runtime/runs/three_level_full558_gemini38_20260922,,,audio,W00012,6f43bde05dd53114d4f94acbe4d44f6d6cd11ab1612d2391b7c140e8f32b0bae,7455e58c7570ac383e6043fd5da3f40321b29bd9efdfdba1833575a4132d0f53
G2_Q000154,G2_V000048,Frasier,emotional reasoning,blocked,,,,perception_content_filter,/root/longemo/runtime/runs/three_level_full558_gemini38_20260922,,,audio,W00012,6f43bde05dd53114d4f94acbe4d44f6d6cd11ab1612d2391b7c140e8f32b0bae,7455e58c7570ac383e6043fd5da3f40321b29bd9efdfdba1833575a4132d0f53
G2_Q000155,G2_V000049,Frasier,emotional intensity comparison,blocked,,,,perception_content_filter,/root/longemo/runtime/runs/three_level_full558_gemini38_20260922,,,audio,W00010,0822a1b9478c660e84665d09ccfc553b9252272f68f3992c8c2e8b895a8d0368,a22c6078e7e1e0732e825b283ff93abbbbc8ec55f1e12bccb893d33fdc8f9e28
G2_Q000156,G2_V000049,Frasier,emotion trajectory,blocked,,,,perception_content_filter,/root/longemo/runtime/runs/three_level_full558_gemini38_20260922,,,audio,W00010,0822a1b9478c660e84665d09ccfc553b9252272f68f3992c8c2e8b895a8d0368,a22c6078e7e1e0732e825b283ff93abbbbc8ec55f1e12bccb893d33fdc8f9e28
G2_Q000157,G2_V000049,Frasier,emotion trajectory,blocked,,,,perception_content_filter,/root/longemo/runtime/runs/three_level_full558_gemini38_20260922,,,audio,W00010,0822a1b9478c660e84665d09ccfc553b9252272f68f3992c8c2e8b895a8d0368,a22c6078e7e1e0732e825b283ff93abbbbc8ec55f1e12bccb893d33fdc8f9e28
G2_Q000158,G2_V000049,Frasier,emotional reasoning,blocked,,,,perception_content_filter,/root/longemo/runtime/runs/three_level_full558_gemini38_20260922,,,audio,W00010,0822a1b9478c660e84665d09ccfc553b9252272f68f3992c8c2e8b895a8d0368,a22c6078e7e1e0732e825b283ff93abbbbc8ec55f1e12bccb893d33fdc8f9e28
G2_Q000159,G2_V000050,unclassified,emotional intensity comparison,blocked,,,,perception_dlp_rejection,/root/longemo/runtime/runs/three_level_full558_gemini38_20260922,,,audio,W00002,b02365e8a64907c406b65a3177c5f0c87e061f4bd61dd7bed102eef89a6a7fcf,269c6c79fc558d3c4b503d0464a27d26e9749a2575181f5db17d1637a9662bbf
G2_Q000160,G2_V000050,unclassified,emotional intensity comparison,blocked,,,,perception_dlp_rejection,/root/longemo/runtime/runs/three_level_full558_gemini38_20260922,,,audio,W00002,b02365e8a64907c406b65a3177c5f0c87e061f4bd61dd7bed102eef89a6a7fcf,269c6c79fc558d3c4b503d0464a27d26e9749a2575181f5db17d1637a9662bbf
G2_Q000161,G2_V000050,unclassified,emotion trajectory,blocked,,,,perception_dlp_rejection,/root/longemo/runtime/runs/three_level_full558_gemini38_20260922,,,audio,W00002,b02365e8a64907c406b65a3177c5f0c87e061f4bd61dd7bed102eef89a6a7fcf,269c6c79fc558d3c4b503d0464a27d26e9749a2575181f5db17d1637a9662bbf
G2_Q000162,G2_V000050,unclassified,emotion trajectory,blocked,,,,perception_dlp_rejection,/root/longemo/runtime/runs/three_level_full558_gemini38_20260922,,,audio,W00002,b02365e8a64907c406b65a3177c5f0c87e061f4bd61dd7bed102eef89a6a7fcf,269c6c79fc558d3c4b503d0464a27d26e9749a2575181f5db17d1637a9662bbf
G2_Q000163,G2_V000050,unclassified,emotion trajectory,blocked,,,,perception_dlp_rejection,/root/longemo/runtime/runs/three_level_full558_gemini38_20260922,,,audio,W00002,b02365e8a64907c406b65a3177c5f0c87e061f4bd61dd7bed102eef89a6a7fcf,269c6c79fc558d3c4b503d0464a27d26e9749a2575181f5db17d1637a9662bbf
G2_Q000164,G2_V000050,unclassified,emotional reasoning,blocked,,,,perception_dlp_rejection,/root/longemo/runtime/runs/three_level_full558_gemini38_20260922,,,audio,W00002,b02365e8a64907c406b65a3177c5f0c87e061f4bd61dd7bed102eef89a6a7fcf,269c6c79fc558d3c4b503d0464a27d26e9749a2575181f5db17d1637a9662bbf
G2_Q000165,G2_V000051,Frasier,emotional intensity comparison,scored,0,1,0.0,,/root/longemo/runtime/runs/noevent_core_boundary3_continuation_20260923,74939b4b29a5741b36c6858d5bd19df451d33596d3ec4dbac1fdeb5ce06653e6,86ec56f0deaa4c48e80a6afd07df18d5eff49973820ed806bff574cf14e83a7e,,,,
G2_Q000166,G2_V000051,Frasier,emotional intensity comparison,scored,1,1,100.0,,/root/longemo/runtime/runs/noevent_core_boundary3_continuation_20260923,74939b4b29a5741b36c6858d5bd19df451d33596d3ec4dbac1fdeb5ce06653e6,de8cdf44fd3b23a4ea55734730af26ff20ea43ada1c39a6bbfd1be6482f43671,,,,
G2_Q000167,G2_V000051,Frasier,emotion trajectory,scored,0,4,0.0,,/root/longemo/runtime/runs/noevent_core_boundary3_continuation_20260923,74939b4b29a5741b36c6858d5bd19df451d33596d3ec4dbac1fdeb5ce06653e6,34cbc7a5ee4fd068451b58dde11828751f50706d069b05b7cfb4e9c85b70c680,,,,
G2_Q000168,G2_V000051,Frasier,emotion trajectory,scored,0,4,0.0,,/root/longemo/runtime/runs/noevent_core_boundary3_continuation_20260923,74939b4b29a5741b36c6858d5bd19df451d33596d3ec4dbac1fdeb5ce06653e6,279bc48bc0b2d032deeaeedb3a225ab55ae8b8931dc967afc7daecc3af7ba17b,,,,
G2_Q000169,G2_V000052,unclassified,emotion trajectory,scored,1,4,25.0,,/root/longemo/runtime/runs/three_level_full558_gemini38_20260922,3f43755c75f4b5f8986f117958cd4062244bd0e2a4472db296680931510ad966,4a1cedc632b6cbe5f1493721b7c4082e92c53aad2cbd23b39c1caa873c41d584,,,,
G2_Q000170,G2_V000052,unclassified,emotion trajectory,scored,1,4,25.0,,/root/longemo/runtime/runs/three_level_full558_gemini38_20260922,3f43755c75f4b5f8986f117958cd4062244bd0e2a4472db296680931510ad966,377745161dea04677bba9f3f8e209819e2f0e9d153819ca0100d33d6732cbdd7,,,,
G2_Q000171,G2_V000053,Frasier,emotional intensity comparison,scored,0,1,0.0,,/root/longemo/runtime/runs/three_level_full558_gemini38_20260922,6d8c234a60023c864fedda9fefeb2b64abbb821cce9567030426eb1e86f1a11c,1da225ab495effeca825e0479c12d913d298bb7c16c9a4648529568411475d0f,,,,
G2_Q000172,G2_V000053,Frasier,emotional intensity comparison,scored,0,1,0.0,,/root/longemo/runtime/runs/three_level_full558_gemini38_20260922,6d8c234a60023c864fedda9fefeb2b64abbb821cce9567030426eb1e86f1a11c,fe5d65f7991b6d7d3bd53d769f73975a6716ed1d9494882a9359aa391070a84c,,,,
G2_Q000173,G2_V000053,Frasier,emotion trajectory,scored,1,4,25.0,,/root/longemo/runtime/runs/three_level_full558_gemini38_20260922,6d8c234a60023c864fedda9fefeb2b64abbb821cce9567030426eb1e86f1a11c,a0fdc39fb9ea440f342ecd9acc64606dd35e2df89077e9c3061b45c9163a8b34,,,,
G2_Q000174,G2_V000053,Frasier,emotional reasoning,scored,0,1,0.0,,/root/longemo/runtime/runs/three_level_full558_gemini38_20260922,6d8c234a60023c864fedda9fefeb2b64abbb821cce9567030426eb1e86f1a11c,e1cf54bc015ed7b50512a8b63df07f1bf64171ef1509c0cffbc1957fd694b3fd,,,,
G2_Q000175,G2_V000054,unclassified,emotional intensity comparison,scored,0,1,0.0,,/root/longemo/runtime/runs/three_level_full558_gemini38_20260922,ae61940158ce51a10359226b74804796962766aa05e20674a9cc1d0240e424af,8814d1f7ba0333ee54966af7a4bc8bb56880837a8cd7885e3aaba1138c381ae8,,,,
G2_Q000176,G2_V000054,unclassified,emotion trajectory,scored,2,4,50.0,,/root/longemo/runtime/runs/three_level_full558_gemini38_20260922,ae61940158ce51a10359226b74804796962766aa05e20674a9cc1d0240e424af,23637bd3ead482b601018f732d2ae7903cc8871b04593063a878741a3ec174f3,,,,
G2_Q000177,G2_V000054,unclassified,emotion trajectory,scored,1,4,25.0,,/root/longemo/runtime/runs/three_level_full558_gemini38_20260922,ae61940158ce51a10359226b74804796962766aa05e20674a9cc1d0240e424af,b73279034b4b8341eb873ff8746c8218f92a806a256933e40721312f04df4585,,,,
G2_Q000178,G2_V000055,Frasier,emotional intensity comparison,scored,0,1,0.0,,/root/longemo/runtime/runs/three_level_full558_gemini38_20260922,1ddb0468f0b061dbedf1c4f5b7b779418290102e3d11875ffddaa7e1917da27a,5c6a9d698c6822c7b8597368d8c2799a65fc28bb19af231c7141a3197504a8a1,,,,
G2_Q000179,G2_V000055,Frasier,emotion trajectory,scored,2,4,50.0,,/root/longemo/runtime/runs/three_level_full558_gemini38_20260922,1ddb0468f0b061dbedf1c4f5b7b779418290102e3d11875ffddaa7e1917da27a,7eca1aceb9fa9684d24fde4a80bc2dfefaaef12f9b97b1c6e7cf1505bf2e17f7,,,,
G2_Q000180,G2_V000055,Frasier,emotion trajectory,scored,0,4,0.0,,/root/longemo/runtime/runs/three_level_full558_gemini38_20260922,1ddb0468f0b061dbedf1c4f5b7b779418290102e3d11875ffddaa7e1917da27a,aba4f32a12dfefe6a40f9a4a90fb2bf639aaa8cd9bd909bb032298409d49db5d,,,,
G2_Q000181,G2_V000056,Frasier,emotional intensity comparison,blocked,,,,perception_content_filter,/root/longemo/runtime/runs/three_level_full558_gemini38_20260922,,,audio,W00001,f8bf29f0a84a6169a3e0e4c9f1bf92bcf35eb22d366043b8db45381cb55faf88,9a790cf11b639abad7a8121326792e5c73d33b650320f66ee8bed794c221f9c8
G2_Q000182,G2_V000056,Frasier,emotion trajectory,blocked,,,,perception_content_filter,/root/longemo/runtime/runs/three_level_full558_gemini38_20260922,,,audio,W00001,f8bf29f0a84a6169a3e0e4c9f1bf92bcf35eb22d366043b8db45381cb55faf88,9a790cf11b639abad7a8121326792e5c73d33b650320f66ee8bed794c221f9c8
G2_Q000183,G2_V000056,Frasier,emotion trajectory,blocked,,,,perception_content_filter,/root/longemo/runtime/runs/three_level_full558_gemini38_20260922,,,audio,W00001,f8bf29f0a84a6169a3e0e4c9f1bf92bcf35eb22d366043b8db45381cb55faf88,9a790cf11b639abad7a8121326792e5c73d33b650320f66ee8bed794c221f9c8
G2_Q000184,G2_V000057,Frasier,emotional intensity comparison,blocked,,,,perception_dlp_rejection,/root/longemo/runtime/runs/three_level_full558_gemini38_20260922,,,audio,W00034,ce894c7062c51e63da12640f5077622c94eb87d17bf6faf5a6443ccb96e3c9fc,703605d2393b411c1a94fc7121d582567e857ed815bdd631006274cf677c8ae3
G2_Q000185,G2_V000057,Frasier,emotion trajectory,blocked,,,,perception_dlp_rejection,/root/longemo/runtime/runs/three_level_full558_gemini38_20260922,,,audio,W00034,ce894c7062c51e63da12640f5077622c94eb87d17bf6faf5a6443ccb96e3c9fc,703605d2393b411c1a94fc7121d582567e857ed815bdd631006274cf677c8ae3
G2_Q000186,G2_V000057,Frasier,emotion trajectory,blocked,,,,perception_dlp_rejection,/root/longemo/runtime/runs/three_level_full558_gemini38_20260922,,,audio,W00034,ce894c7062c51e63da12640f5077622c94eb87d17bf6faf5a6443ccb96e3c9fc,703605d2393b411c1a94fc7121d582567e857ed815bdd631006274cf677c8ae3
G2_Q000187,G2_V000057,Frasier,emotional reasoning,blocked,,,,perception_dlp_rejection,/root/longemo/runtime/runs/three_level_full558_gemini38_20260922,,,audio,W00034,ce894c7062c51e63da12640f5077622c94eb87d17bf6faf5a6443ccb96e3c9fc,703605d2393b411c1a94fc7121d582567e857ed815bdd631006274cf677c8ae3
G2_Q000188,G2_V000058,Frasier,emotional intensity comparison,blocked,,,,perception_dlp_rejection,/root/longemo/runtime/runs/three_level_full558_gemini38_20260922,,,audio,W00032,cf838e4a6d02580e78f9b1c1d55cc236f2d0b983c6a9d768cc2d9a97d1b827de,63658b9a68f59773d2cb76707f6aa76356d1a169a0cc3e8b22a49c87e927b7ba
G2_Q000189,G2_V000058,Frasier,emotion trajectory,blocked,,,,perception_dlp_rejection,/root/longemo/runtime/runs/three_level_full558_gemini38_20260922,,,audio,W00032,cf838e4a6d02580e78f9b1c1d55cc236f2d0b983c6a9d768cc2d9a97d1b827de,63658b9a68f59773d2cb76707f6aa76356d1a169a0cc3e8b22a49c87e927b7ba
G2_Q000190,G2_V000058,Frasier,emotional reasoning,blocked,,,,perception_dlp_rejection,/root/longemo/runtime/runs/three_level_full558_gemini38_20260922,,,audio,W00032,cf838e4a6d02580e78f9b1c1d55cc236f2d0b983c6a9d768cc2d9a97d1b827de,63658b9a68f59773d2cb76707f6aa76356d1a169a0cc3e8b22a49c87e927b7ba
G2_Q000191,G2_V000059,Frasier,emotional intensity comparison,scored,1,1,100.0,,/root/longemo/runtime/runs/three_level_full558_gemini38_20260922,19e33ac005b874bbfeac7fa6d22b62848c3569ff1d350640bc9da0d27cdeed76,4b6f83cc8aa208e646e08d51d7d3be958faf0f8b6e3cccc1fe22639ed67a2d51,,,,
G2_Q000192,G2_V000059,Frasier,emotion trajectory,scored,2,4,50.0,,/root/longemo/runtime/runs/three_level_full558_gemini38_20260922,19e33ac005b874bbfeac7fa6d22b62848c3569ff1d350640bc9da0d27cdeed76,671869d8b09ff4c492c31fb4ac22484400b544d57082197ccd5d1bd7bbf604ac,,,,
G2_Q000193,G2_V000059,Frasier,emotion trajectory,scored,0,4,0.0,,/root/longemo/runtime/runs/three_level_full558_gemini38_20260922,19e33ac005b874bbfeac7fa6d22b62848c3569ff1d350640bc9da0d27cdeed76,34e0fc72e63da40c9165534c6b5dd7220af7d8a27fbeeefc21c2d29821b1f16b,,,,
G2_Q000194,G2_V000059,Frasier,emotional reasoning,scored,0,3,0.0,,/root/longemo/runtime/runs/three_level_full558_gemini38_20260922,19e33ac005b874bbfeac7fa6d22b62848c3569ff1d350640bc9da0d27cdeed76,1b02f321da67448474b10b1d5e776a9ebfa4c43f4f19eed622e3689fc7363ed0,,,,
G2_Q000195,G2_V000060,unclassified,emotional intensity comparison,blocked,,,,perception_content_filter,/root/longemo/runtime/runs/three_level_full558_gemini38_20260922,,,audio,W00045,63d220777bfaa0d7bb898e8cb108c5b5ca80389bed01f60f72bb13914602381b,29f34f4dc7a7507ff078f1ea9705a2ef748e138a278fe127e1ac32adbb7d43df
G2_Q000196,G2_V000060,unclassified,emotion trajectory,blocked,,,,perception_content_filter,/root/longemo/runtime/runs/three_level_full558_gemini38_20260922,,,audio,W00045,63d220777bfaa0d7bb898e8cb108c5b5ca80389bed01f60f72bb13914602381b,29f34f4dc7a7507ff078f1ea9705a2ef748e138a278fe127e1ac32adbb7d43df
G2_Q000197,G2_V000060,unclassified,emotion trajectory,blocked,,,,perception_content_filter,/root/longemo/runtime/runs/three_level_full558_gemini38_20260922,,,audio,W00045,63d220777bfaa0d7bb898e8cb108c5b5ca80389bed01f60f72bb13914602381b,29f34f4dc7a7507ff078f1ea9705a2ef748e138a278fe127e1ac32adbb7d43df
G2_Q000198,G2_V000060,unclassified,emotional reasoning,blocked,,,,perception_content_filter,/root/longemo/runtime/runs/three_level_full558_gemini38_20260922,,,audio,W00045,63d220777bfaa0d7bb898e8cb108c5b5ca80389bed01f60f72bb13914602381b,29f34f4dc7a7507ff078f1ea9705a2ef748e138a278fe127e1ac32adbb7d43df
G2_Q000199,G2_V000061,Frasier,emotional intensity comparison,blocked,,,,perception_content_filter,/root/longemo/runtime/runs/three_level_full558_gemini38_20260922,,,audio,W00022,d50a1d70032e014666562eb61df61467c5c5f39e4a3e10bcb186e3a1c8618ce6,352a46c38c9f39a4a636a1f7ca3fd119efeffd97eef1c5bb47a1fb484b1dc865
G2_Q000200,G2_V000061,Frasier,emotion trajectory,blocked,,,,perception_content_filter,/root/longemo/runtime/runs/three_level_full558_gemini38_20260922,,,audio,W00022,d50a1d70032e014666562eb61df61467c5c5f39e4a3e10bcb186e3a1c8618ce6,352a46c38c9f39a4a636a1f7ca3fd119efeffd97eef1c5bb47a1fb484b1dc865
G2_Q000201,G2_V000061,Frasier,emotion trajectory,blocked,,,,perception_content_filter,/root/longemo/runtime/runs/three_level_full558_gemini38_20260922,,,audio,W00022,d50a1d70032e014666562eb61df61467c5c5f39e4a3e10bcb186e3a1c8618ce6,352a46c38c9f39a4a636a1f7ca3fd119efeffd97eef1c5bb47a1fb484b1dc865
G2_Q000202,G2_V000061,Frasier,emotional reasoning,blocked,,,,perception_content_filter,/root/longemo/runtime/runs/three_level_full558_gemini38_20260922,,,audio,W00022,d50a1d70032e014666562eb61df61467c5c5f39e4a3e10bcb186e3a1c8618ce6,352a46c38c9f39a4a636a1f7ca3fd119efeffd97eef1c5bb47a1fb484b1dc865
G2_Q000203,G2_V000062,Frasier,emotional intensity comparison,scored,0,1,0.0,,/root/longemo/runtime/runs/noevent_http428_seed5_continuation_20260923,89405aabad4e0d9be87ca9ace35ca7a1ed390dcbd60e6389b47b6ee1cdbfc6b7,eaf5df1e1ed8f3eb7e6f5f763385d3b506f3d0f116112cb56e3c713a26aabde9,,,,
G2_Q000204,G2_V000062,Frasier,emotion trajectory,scored,0,4,0.0,,/root/longemo/runtime/runs/noevent_http428_seed5_continuation_20260923,89405aabad4e0d9be87ca9ace35ca7a1ed390dcbd60e6389b47b6ee1cdbfc6b7,f905186d81bec0915f2d895d72e959a2b3320bfba400b495166333536ec5d10e,,,,
G2_Q000205,G2_V000062,Frasier,emotion trajectory,scored,2,4,50.0,,/root/longemo/runtime/runs/noevent_http428_seed5_continuation_20260923,89405aabad4e0d9be87ca9ace35ca7a1ed390dcbd60e6389b47b6ee1cdbfc6b7,f4dd00510fb6b59e12535a936e920a038a89108ed3e2df3acc590aeec1fb4209,,,,
G2_Q000206,G2_V000063,unclassified,emotional intensity comparison,blocked,,,,perception_content_filter,/root/longemo/runtime/runs/three_level_full558_gemini38_20260922,,,audio,W00021,2b0b5bf52f575fd045bcc14e4419ff7c6528d51aaaa3db9633c499593db87f56,978d17f424d342dbccded3d5665198ae3cb8ebb1827826521ea2c6f2a1c75c37
G2_Q000207,G2_V000063,unclassified,emotion trajectory,blocked,,,,perception_content_filter,/root/longemo/runtime/runs/three_level_full558_gemini38_20260922,,,audio,W00021,2b0b5bf52f575fd045bcc14e4419ff7c6528d51aaaa3db9633c499593db87f56,978d17f424d342dbccded3d5665198ae3cb8ebb1827826521ea2c6f2a1c75c37
G2_Q000208,G2_V000063,unclassified,emotional reasoning,blocked,,,,perception_content_filter,/root/longemo/runtime/runs/three_level_full558_gemini38_20260922,,,audio,W00021,2b0b5bf52f575fd045bcc14e4419ff7c6528d51aaaa3db9633c499593db87f56,978d17f424d342dbccded3d5665198ae3cb8ebb1827826521ea2c6f2a1c75c37
G2_Q000209,G2_V000064,Friends,emotional reasoning,blocked,,,,perception_dlp_rejection,/root/longemo/runtime/runs/three_level_full558_gemini38_20260922,,,audio,W00037,b3b0da60723f220b18140f91c5d0de7ee78ef24c19a918aeee78d64cf4f7b3c4,92574bd19c28a117a244122755a20d4a9971dd82ec8cb8e47531cc4701434de7
G2_Q000210,G2_V000064,Friends,emotion trajectory,blocked,,,,perception_dlp_rejection,/root/longemo/runtime/runs/three_level_full558_gemini38_20260922,,,audio,W00037,b3b0da60723f220b18140f91c5d0de7ee78ef24c19a918aeee78d64cf4f7b3c4,92574bd19c28a117a244122755a20d4a9971dd82ec8cb8e47531cc4701434de7
G2_Q000211,G2_V000064,Friends,emotional reasoning,blocked,,,,perception_dlp_rejection,/root/longemo/runtime/runs/three_level_full558_gemini38_20260922,,,audio,W00037,b3b0da60723f220b18140f91c5d0de7ee78ef24c19a918aeee78d64cf4f7b3c4,92574bd19c28a117a244122755a20d4a9971dd82ec8cb8e47531cc4701434de7
G2_Q000212,G2_V000064,Friends,emotional intensity comparison,blocked,,,,perception_dlp_rejection,/root/longemo/runtime/runs/three_level_full558_gemini38_20260922,,,audio,W00037,b3b0da60723f220b18140f91c5d0de7ee78ef24c19a918aeee78d64cf4f7b3c4,92574bd19c28a117a244122755a20d4a9971dd82ec8cb8e47531cc4701434de7
G2_Q000213,G2_V000064,Friends,emotional intensity comparison,blocked,,,,perception_dlp_rejection,/root/longemo/runtime/runs/three_level_full558_gemini38_20260922,,,audio,W00037,b3b0da60723f220b18140f91c5d0de7ee78ef24c19a918aeee78d64cf4f7b3c4,92574bd19c28a117a244122755a20d4a9971dd82ec8cb8e47531cc4701434de7
G2_Q000214,G2_V000064,Friends,emotion trajectory,blocked,,,,perception_dlp_rejection,/root/longemo/runtime/runs/three_level_full558_gemini38_20260922,,,audio,W00037,b3b0da60723f220b18140f91c5d0de7ee78ef24c19a918aeee78d64cf4f7b3c4,92574bd19c28a117a244122755a20d4a9971dd82ec8cb8e47531cc4701434de7
G2_Q000215,G2_V000064,Friends,emotion trajectory,blocked,,,,perception_dlp_rejection,/root/longemo/runtime/runs/three_level_full558_gemini38_20260922,,,audio,W00037,b3b0da60723f220b18140f91c5d0de7ee78ef24c19a918aeee78d64cf4f7b3c4,92574bd19c28a117a244122755a20d4a9971dd82ec8cb8e47531cc4701434de7
G2_Q000216,G2_V000065,unclassified,emotional intensity comparison,scored,0,1,0.0,,/root/longemo/runtime/runs/three_level_full558_gemini38_20260922,8a8501a7c1ec58cdb98c7eb8e7e558facc434304b121e0f88819383357e7709a,a89d72a9de383d9542195c328a66ec1f43e1d2e9d35557cc335db3977654cb6b,,,,
G2_Q000217,G2_V000065,unclassified,emotion trajectory,scored,2,4,50.0,,/root/longemo/runtime/runs/three_level_full558_gemini38_20260922,8a8501a7c1ec58cdb98c7eb8e7e558facc434304b121e0f88819383357e7709a,2f24ef6d2235428bd18287952ed9d61e8a884995871ffc353104b0e7f984f237,,,,
G2_Q000218,G2_V000065,unclassified,emotion trajectory,scored,2,4,50.0,,/root/longemo/runtime/runs/three_level_full558_gemini38_20260922,8a8501a7c1ec58cdb98c7eb8e7e558facc434304b121e0f88819383357e7709a,d1f5925aab60b0befac0815bdefd977557a60f009a8aa77a88b71f721bf35eef,,,,
G2_Q000219,G2_V000065,unclassified,emotional reasoning,scored,2,3,66.66666666666666,,/root/longemo/runtime/runs/three_level_full558_gemini38_20260922,8a8501a7c1ec58cdb98c7eb8e7e558facc434304b121e0f88819383357e7709a,bd83e44e9f0bef6f1a26d806c0d914736011303322d3db1f44c253cf4fe58888,,,,
G2_Q000220,G2_V000065,unclassified,emotional reasoning,scored,2,3,66.66666666666666,,/root/longemo/runtime/runs/three_level_full558_gemini38_20260922,8a8501a7c1ec58cdb98c7eb8e7e558facc434304b121e0f88819383357e7709a,a8609ca438c5bdcb95f909388babf60bb7d70502bbdb98217274829275c84ae8,,,,
G2_Q000221,G2_V000065,unclassified,emotional reasoning,scored,3,3,100.0,,/root/longemo/runtime/runs/three_level_full558_gemini38_20260922,8a8501a7c1ec58cdb98c7eb8e7e558facc434304b121e0f88819383357e7709a,89e95a68aa8bc3a185f0b9e71acdc1a73d272633d29e6642c2a4ec42306fc9ae,,,,
G2_Q000222,G2_V000066,Friends,emotional reasoning,scored,2,3,66.66666666666666,,/root/longemo/runtime/runs/three_level_full558_gemini38_20260922,c3c8f52116c137c7ca6fa3045f748a01de357b182ace83325884470049f12301,da8a0eb7002ff663fa3068ebecdc6a5f7284b5966e7a768935d77bc8711bc861,,,,
G2_Q000223,G2_V000066,Friends,emotional intensity comparison,scored,0,1,0.0,,/root/longemo/runtime/runs/three_level_full558_gemini38_20260922,c3c8f52116c137c7ca6fa3045f748a01de357b182ace83325884470049f12301,013322169d46baf15d4aaed077263098a334bd1558d9120c3533e5c8ff051642,,,,
G2_Q000224,G2_V000066,Friends,emotion trajectory,scored,0,4,0.0,,/root/longemo/runtime/runs/three_level_full558_gemini38_20260922,c3c8f52116c137c7ca6fa3045f748a01de357b182ace83325884470049f12301,96b8c2497ac50cdbc643adb7ebf9aa90b8c49eced4fdf51dfee7df28fa38ec0b,,,,
G2_Q000225,G2_V000066,Friends,emotion trajectory,scored,1,4,25.0,,/root/longemo/runtime/runs/three_level_full558_gemini38_20260922,c3c8f52116c137c7ca6fa3045f748a01de357b182ace83325884470049f12301,5e849396ad999c910a01cb4149cfa22d2fd2cdca95e42d6ba78a898bbd436cf5,,,,
G2_Q000226,G2_V000067,unclassified,emotional intensity comparison,blocked,,,,perception_content_filter,/root/longemo/runtime/runs/three_level_full558_gemini38_20260922,,,visual,W00003,cd2752ab61880de4cf4a37b2e3c9a90761bc21fb0d98137caa5eaff9bf0a2948,3fcd21bfc4dc33146d1e4f0b6be178afb822115c30d25c566445a0d0dade44d2
G2_Q000227,G2_V000067,unclassified,emotional intensity comparison,blocked,,,,perception_content_filter,/root/longemo/runtime/runs/three_level_full558_gemini38_20260922,,,visual,W00003,cd2752ab61880de4cf4a37b2e3c9a90761bc21fb0d98137caa5eaff9bf0a2948,3fcd21bfc4dc33146d1e4f0b6be178afb822115c30d25c566445a0d0dade44d2
G2_Q000228,G2_V000067,unclassified,emotion trajectory,blocked,,,,perception_content_filter,/root/longemo/runtime/runs/three_level_full558_gemini38_20260922,,,visual,W00003,cd2752ab61880de4cf4a37b2e3c9a90761bc21fb0d98137caa5eaff9bf0a2948,3fcd21bfc4dc33146d1e4f0b6be178afb822115c30d25c566445a0d0dade44d2
G2_Q000229,G2_V000067,unclassified,emotional reasoning,blocked,,,,perception_content_filter,/root/longemo/runtime/runs/three_level_full558_gemini38_20260922,,,visual,W00003,cd2752ab61880de4cf4a37b2e3c9a90761bc21fb0d98137caa5eaff9bf0a2948,3fcd21bfc4dc33146d1e4f0b6be178afb822115c30d25c566445a0d0dade44d2
G2_Q000230,G2_V000067,unclassified,emotional reasoning,blocked,,,,perception_content_filter,/root/longemo/runtime/runs/three_level_full558_gemini38_20260922,,,visual,W00003,cd2752ab61880de4cf4a37b2e3c9a90761bc21fb0d98137caa5eaff9bf0a2948,3fcd21bfc4dc33146d1e4f0b6be178afb822115c30d25c566445a0d0dade44d2
G2_Q000231,G2_V000067,unclassified,emotional reasoning,blocked,,,,perception_content_filter,/root/longemo/runtime/runs/three_level_full558_gemini38_20260922,,,visual,W00003,cd2752ab61880de4cf4a37b2e3c9a90761bc21fb0d98137caa5eaff9bf0a2948,3fcd21bfc4dc33146d1e4f0b6be178afb822115c30d25c566445a0d0dade44d2
G2_Q000232,G2_V000068,Friends,emotion trajectory,blocked,,,,perception_dlp_rejection,/root/longemo/runtime/runs/three_level_full558_gemini38_20260922,,,audio,W00028,37c968c405b8622f9fd4eeafb7add5a9bee79ed2024a0582821813e52c288f1c,31e093b55c15d7e3c506fec577f13209a8cc764e1b20818bdc37c95c4ddc9518
G2_Q000233,G2_V000068,Friends,emotional intensity comparison,blocked,,,,perception_dlp_rejection,/root/longemo/runtime/runs/three_level_full558_gemini38_20260922,,,audio,W00028,37c968c405b8622f9fd4eeafb7add5a9bee79ed2024a0582821813e52c288f1c,31e093b55c15d7e3c506fec577f13209a8cc764e1b20818bdc37c95c4ddc9518
G2_Q000234,G2_V000068,Friends,emotion trajectory,blocked,,,,perception_dlp_rejection,/root/longemo/runtime/runs/three_level_full558_gemini38_20260922,,,audio,W00028,37c968c405b8622f9fd4eeafb7add5a9bee79ed2024a0582821813e52c288f1c,31e093b55c15d7e3c506fec577f13209a8cc764e1b20818bdc37c95c4ddc9518
G2_Q000235,G2_V000068,Friends,emotional intensity comparison,blocked,,,,perception_dlp_rejection,/root/longemo/runtime/runs/three_level_full558_gemini38_20260922,,,audio,W00028,37c968c405b8622f9fd4eeafb7add5a9bee79ed2024a0582821813e52c288f1c,31e093b55c15d7e3c506fec577f13209a8cc764e1b20818bdc37c95c4ddc9518
G2_Q000236,G2_V000069,unclassified,emotional intensity comparison,scored,1,1,100.0,,/root/longemo/runtime/runs/three_level_full558_gemini38_20260922,a4bd5cd4e0d13d7af09936d5a44300629796af921238fed68ae3ece3a24b7207,325f932618fb3db9d48b22d8da3b73b3eeff2fadba397d29b5438d1ac6ae93e4,,,,
G2_Q000237,G2_V000069,unclassified,emotion trajectory,scored,3,4,75.0,,/root/longemo/runtime/runs/three_level_full558_gemini38_20260922,a4bd5cd4e0d13d7af09936d5a44300629796af921238fed68ae3ece3a24b7207,b58f50170b6fde804e3ce9a032664b8b6ca7ff9ec3b8a1c24a69f16f2c2d13e9,,,,
G2_Q000238,G2_V000069,unclassified,emotion trajectory,scored,2,4,50.0,,/root/longemo/runtime/runs/three_level_full558_gemini38_20260922,a4bd5cd4e0d13d7af09936d5a44300629796af921238fed68ae3ece3a24b7207,7896397e8cfb0cf1d2e6c013bed64f7e3bc27b454ab05f68f7fd54f6532bc9b8,,,,
G2_Q000239,G2_V000069,unclassified,emotional reasoning,scored,2,3,66.66666666666666,,/root/longemo/runtime/runs/three_level_full558_gemini38_20260922,a4bd5cd4e0d13d7af09936d5a44300629796af921238fed68ae3ece3a24b7207,468a929c54670b76752a33ac4ffda8757b23216587d3fe5cc9ed80349e51d5b3,,,,
G2_Q000240,G2_V000069,unclassified,emotional reasoning,scored,2,3,66.66666666666666,,/root/longemo/runtime/runs/three_level_full558_gemini38_20260922,a4bd5cd4e0d13d7af09936d5a44300629796af921238fed68ae3ece3a24b7207,4f268fd86bc55c784867384c0176b5375a761c37592498d412ac6bcbbe29a730,,,,
G2_Q000241,G2_V000069,unclassified,emotional reasoning,scored,0,3,0.0,,/root/longemo/runtime/runs/three_level_full558_gemini38_20260922,a4bd5cd4e0d13d7af09936d5a44300629796af921238fed68ae3ece3a24b7207,adfe263e92c4168db92f373fdc74bfa131cb1d863f1aeba67f57a73c2116d681,,,,
G2_Q000242,G2_V000070,Friends,emotion trajectory,scored,2,4,50.0,,/root/longemo/runtime/runs/noevent_http428_seed5_continuation_20260923,11341a74f22204b599234c31e1bcfb448784c8f50045b1b9a1734d524944565f,48786d8d5fbd4a94b231f9b7d68de0ceaf460e825971f3d694fa73abd24528f9,,,,
G2_Q000243,G2_V000070,Friends,emotional reasoning,scored,0,3,0.0,,/root/longemo/runtime/runs/noevent_http428_seed5_continuation_20260923,11341a74f22204b599234c31e1bcfb448784c8f50045b1b9a1734d524944565f,767aedb03bbe7e12521c24474ffac24a24be3e275030a0eca584b8196bd8dfdc,,,,
G2_Q000244,G2_V000070,Friends,emotional reasoning,scored,0,3,0.0,,/root/longemo/runtime/runs/noevent_http428_seed5_continuation_20260923,11341a74f22204b599234c31e1bcfb448784c8f50045b1b9a1734d524944565f,b50c22eb638a69d1cdc5fa6b440eacb8427c5e65bd807cdd4e6fc12ec26133e1,,,,
G2_Q000245,G2_V000070,Friends,emotion trajectory,scored,2,4,50.0,,/root/longemo/runtime/runs/noevent_http428_seed5_continuation_20260923,11341a74f22204b599234c31e1bcfb448784c8f50045b1b9a1734d524944565f,c8ec8f581e3df8243eb4f01fbc3a921c7a59a59c7e8d24c4c63abd4419f31de5,,,,
G2_Q000246,G2_V000070,Friends,emotional reasoning,scored,0,3,0.0,,/root/longemo/runtime/runs/noevent_http428_seed5_continuation_20260923,11341a74f22204b599234c31e1bcfb448784c8f50045b1b9a1734d524944565f,0a5e1f34aacdfd351729abb8427e10aa3a104a09c10c897e452655bbad9f3d97,,,,
G2_Q000247,G2_V000070,Friends,emotional reasoning,scored,0,3,0.0,,/root/longemo/runtime/runs/noevent_http428_seed5_continuation_20260923,11341a74f22204b599234c31e1bcfb448784c8f50045b1b9a1734d524944565f,cb05d43a0cecc53e8c623e7d626273ea7af127ef0f99a6a4407adeaa60ce13e7,,,,
G2_Q000248,G2_V000071,unclassified,emotional intensity comparison,blocked,,,,perception_content_filter,/root/longemo/runtime/runs/three_level_full558_gemini38_20260922,,,visual,W00004,bd8439f1288f276ac7b38c7c05f6aac05ca1ab26df8e7ebaf6fa95bdee8212ba,83cc980a5fa5e8693debfad920b6155de15ebc4a138ce9c5e380730ed71a0e87
G2_Q000249,G2_V000071,unclassified,emotional intensity comparison,blocked,,,,perception_content_filter,/root/longemo/runtime/runs/three_level_full558_gemini38_20260922,,,visual,W00004,bd8439f1288f276ac7b38c7c05f6aac05ca1ab26df8e7ebaf6fa95bdee8212ba,83cc980a5fa5e8693debfad920b6155de15ebc4a138ce9c5e380730ed71a0e87
G2_Q000250,G2_V000071,unclassified,emotion trajectory,blocked,,,,perception_content_filter,/root/longemo/runtime/runs/three_level_full558_gemini38_20260922,,,visual,W00004,bd8439f1288f276ac7b38c7c05f6aac05ca1ab26df8e7ebaf6fa95bdee8212ba,83cc980a5fa5e8693debfad920b6155de15ebc4a138ce9c5e380730ed71a0e87
G2_Q000251,G2_V000071,unclassified,emotion trajectory,blocked,,,,perception_content_filter,/root/longemo/runtime/runs/three_level_full558_gemini38_20260922,,,visual,W00004,bd8439f1288f276ac7b38c7c05f6aac05ca1ab26df8e7ebaf6fa95bdee8212ba,83cc980a5fa5e8693debfad920b6155de15ebc4a138ce9c5e380730ed71a0e87
G2_Q000252,G2_V000071,unclassified,emotional reasoning,blocked,,,,perception_content_filter,/root/longemo/runtime/runs/three_level_full558_gemini38_20260922,,,visual,W00004,bd8439f1288f276ac7b38c7c05f6aac05ca1ab26df8e7ebaf6fa95bdee8212ba,83cc980a5fa5e8693debfad920b6155de15ebc4a138ce9c5e380730ed71a0e87
G2_Q000253,G2_V000071,unclassified,emotional reasoning,blocked,,,,perception_content_filter,/root/longemo/runtime/runs/three_level_full558_gemini38_20260922,,,visual,W00004,bd8439f1288f276ac7b38c7c05f6aac05ca1ab26df8e7ebaf6fa95bdee8212ba,83cc980a5fa5e8693debfad920b6155de15ebc4a138ce9c5e380730ed71a0e87
G2_Q000254,G2_V000072,Friends,emotional intensity comparison,scored,0,1,0.0,,/root/longemo/runtime/runs/noevent_runtime24_continuation_20260923,afcf1cbcb90be519e972c9b8e347ef1cf02f737cc02252718309988336db1ed4,8dd546651f008048a3bf00c84efc8a38a4cce107ea78812b32d2a85c883ad302,,,,
G2_Q000255,G2_V000072,Friends,emotion trajectory,scored,1,4,25.0,,/root/longemo/runtime/runs/noevent_runtime24_continuation_20260923,afcf1cbcb90be519e972c9b8e347ef1cf02f737cc02252718309988336db1ed4,9773db318ae19e309e74437c466174bbe80d1af56318931a523fbc9f7d65c7b0,,,,
G2_Q000256,G2_V000072,Friends,emotion trajectory,scored,0,4,0.0,,/root/longemo/runtime/runs/noevent_runtime24_continuation_20260923,afcf1cbcb90be519e972c9b8e347ef1cf02f737cc02252718309988336db1ed4,94ca0db8d9e3e8d83ddbaba24ea68712175f12af044fd363da72cac873803d1b,,,,
G2_Q000257,G2_V000072,Friends,emotion trajectory,scored,0,4,0.0,,/root/longemo/runtime/runs/noevent_runtime24_continuation_20260923,afcf1cbcb90be519e972c9b8e347ef1cf02f737cc02252718309988336db1ed4,1d193c32489d62144db67d9f45beb381259f7282ed33fe162d887e98c31d6987,,,,
G2_Q000258,G2_V000072,Friends,emotional intensity comparison,scored,0,1,0.0,,/root/longemo/runtime/runs/noevent_runtime24_continuation_20260923,afcf1cbcb90be519e972c9b8e347ef1cf02f737cc02252718309988336db1ed4,c15d1b0349cb2f2f3f2837fa7f663aad500728d6282953d4c7da2031265dbec0,,,,
G2_Q000259,G2_V000072,Friends,emotion trajectory,blocked,,,,judge_content_filter,/root/longemo/runtime/runs/noevent_runtime24_continuation_20260923,,,score,,,afcf1cbcb90be519e972c9b8e347ef1cf02f737cc02252718309988336db1ed4
G2_Q000260,G2_V000072,Friends,emotional reasoning,blocked,,,,judge_content_filter,/root/longemo/runtime/runs/noevent_runtime24_continuation_20260923,,,score,,,afcf1cbcb90be519e972c9b8e347ef1cf02f737cc02252718309988336db1ed4
G2_Q000261,G2_V000073,unclassified,emotional intensity comparison,scored,0,1,0.0,,/root/longemo/runtime/runs/three_level_full558_gemini38_20260922,d454fcb733040d399d9cf20db0fb616a12fe76d197654ccb2bd6df6cb5072806,b5c8b988b8ca924bdbc45b3bbb613a393dd53b20c3a5b87fce4d232376558aaf,,,,
G2_Q000262,G2_V000073,unclassified,emotional intensity comparison,scored,0,1,0.0,,/root/longemo/runtime/runs/three_level_full558_gemini38_20260922,d454fcb733040d399d9cf20db0fb616a12fe76d197654ccb2bd6df6cb5072806,cc88f45c568740e5b0d42510903e8965644fad3565636eb4e4bcc09b1538b712,,,,
G2_Q000263,G2_V000073,unclassified,emotional intensity comparison,scored,0,1,0.0,,/root/longemo/runtime/runs/three_level_full558_gemini38_20260922,d454fcb733040d399d9cf20db0fb616a12fe76d197654ccb2bd6df6cb5072806,700ddab17f53ad21890495a5bdaf62e9b1f254c9a70369e813ccd7d831c4b5f7,,,,
G2_Q000264,G2_V000073,unclassified,emotional reasoning,scored,2,3,66.66666666666666,,/root/longemo/runtime/runs/three_level_full558_gemini38_20260922,d454fcb733040d399d9cf20db0fb616a12fe76d197654ccb2bd6df6cb5072806,947ed61991ddc2261b8ad1ffa4987ce14e3208cd9c91a7b9b6e49401f0ad2919,,,,
G2_Q000265,G2_V000074,Friends,emotion trajectory,scored,2,4,50.0,,/root/longemo/runtime/runs/three_level_full558_gemini38_20260922,fb97527a2b5242c02c7426192d2d3d1a71bcef93c85b1263e073264ffab51f04,f2cd52796ebf42e09262f4794b734dd5bfbd012c75ab3cd6cca482e35adaedfc,,,,
G2_Q000266,G2_V000074,Friends,emotion trajectory,scored,0,4,0.0,,/root/longemo/runtime/runs/three_level_full558_gemini38_20260922,fb97527a2b5242c02c7426192d2d3d1a71bcef93c85b1263e073264ffab51f04,836d7d8cdaaeba5cfcd729c99fd19fb51f8adb00f81c3431bcf8a0f6925653c3,,,,
G2_Q000267,G2_V000074,Friends,emotional reasoning,scored,0,3,0.0,,/root/longemo/runtime/runs/three_level_full558_gemini38_20260922,fb97527a2b5242c02c7426192d2d3d1a71bcef93c85b1263e073264ffab51f04,1f167f74bf880565b50848fc52aea90074bb1bde416a5b101e5e012623c98e64,,,,
G2_Q000268,G2_V000075,Friends,emotional intensity comparison,scored,0,1,0.0,,/root/longemo/runtime/runs/noevent_core_boundary3_continuation_20260923,b714760357f973e096120ec83a9823b4056e55ca8e076c9e477797c6ef4964ff,d53daa10f0e6d062911f9e36178a3d84fdbc1c2a7c586f9d30caef9666ad3cfc,,,,
G2_Q000269,G2_V000075,Friends,emotion trajectory,scored,1,4,25.0,,/root/longemo/runtime/runs/noevent_core_boundary3_continuation_20260923,b714760357f973e096120ec83a9823b4056e55ca8e076c9e477797c6ef4964ff,aefb8c21fba8d5e3874c8bc8c31726e7a0a4377748c743a9bdc546137d38f01c,,,,
G2_Q000270,G2_V000075,Friends,emotion trajectory,scored,2,4,50.0,,/root/longemo/runtime/runs/noevent_core_boundary3_continuation_20260923,b714760357f973e096120ec83a9823b4056e55ca8e076c9e477797c6ef4964ff,9b50d8e38a8be6302d4677bf01aebd0aac66c7dbfd363f2d77b12273ad0fd0fe,,,,
G2_Q000271,G2_V000076,Friends,emotional reasoning,scored,0,3,0.0,,/root/longemo/runtime/runs/three_level_full558_gemini38_20260922,caf6603509f9a3ba23fc00a7609843a15fc22b71c4193741b6f03adcb2dea678,4e07750df6d3b9407366bab9415aba66446807c5a5c8d933e9cc9aa7cae1d775,,,,
G2_Q000272,G2_V000076,Friends,emotion trajectory,scored,2,4,50.0,,/root/longemo/runtime/runs/three_level_full558_gemini38_20260922,caf6603509f9a3ba23fc00a7609843a15fc22b71c4193741b6f03adcb2dea678,e03a70218d0d5b0e137b4d12495ef1bdf65df8a4bcbe50fc862faf42e0b75123,,,,
G2_Q000273,G2_V000077,Friends,emotion trajectory,scored,2,4,50.0,,/root/longemo/runtime/runs/three_level_full558_gemini38_20260922,ba4b392cda658f2d0a0f36f31d238ee0a57f18152ae8528eae19cc09f2058cc4,80534b70fb63b091b2320c4d8b2e287cbc3d7b8e5305a721d230f540179b6702,,,,
G2_Q000274,G2_V000077,Friends,emotional reasoning,scored,0,3,0.0,,/root/longemo/runtime/runs/three_level_full558_gemini38_20260922,ba4b392cda658f2d0a0f36f31d238ee0a57f18152ae8528eae19cc09f2058cc4,19e7c57fe2993e020d021e3cc2b6de03ec108dee17e357c6680eaf9051796cf5,,,,
G2_Q000275,G2_V000077,Friends,emotion trajectory,scored,1,4,25.0,,/root/longemo/runtime/runs/three_level_full558_gemini38_20260922,ba4b392cda658f2d0a0f36f31d238ee0a57f18152ae8528eae19cc09f2058cc4,ae17bc8de737463f502b855c58edfd294bba6cefa3dd732bfe4e8b0fc2958653,,,,
G2_Q000276,G2_V000078,Friends,emotional reasoning,scored,1,3,33.33333333333333,,/root/longemo/runtime/runs/noevent_http428_seed5_continuation_20260923,db67b1f83e324df76cbd407a203aac3e4bd1b6cc812e6ba3f14c56e269c1b9a9,1a6d7af4f7a4cf742f3e0a5c5292521823a97698dce3fec5232d456d4461be89,,,,
G2_Q000277,G2_V000078,Friends,emotional reasoning,scored,2,3,66.66666666666666,,/root/longemo/runtime/runs/noevent_http428_seed5_continuation_20260923,db67b1f83e324df76cbd407a203aac3e4bd1b6cc812e6ba3f14c56e269c1b9a9,701d0ebe7d2436f817862df907bf7d18f2e2fbf4c458ecfe4c5aa313bb71085e,,,,
G2_Q000278,G2_V000079,Friends,emotional intensity comparison,scored,0,1,0.0,,/root/longemo/runtime/runs/noevent_runtime24_continuation_20260923,5fac5d28846b509c385f0fee13731e1861d35b06601585e887f87948e288e15a,bf83c1b652fd167fd70099fdcb34b9ce15e7073cdd929ed35d40ceb16213aff9,,,,
G2_Q000279,G2_V000079,Friends,emotional reasoning,scored,0,3,0.0,,/root/longemo/runtime/runs/noevent_runtime24_continuation_20260923,5fac5d28846b509c385f0fee13731e1861d35b06601585e887f87948e288e15a,421bc1c4e2a3d0d66cf91f7a65923a5094a3487a20f341284ed31b9d42c70da2,,,,
G2_Q000280,G2_V000079,Friends,emotion trajectory,scored,2,4,50.0,,/root/longemo/runtime/runs/noevent_runtime24_continuation_20260923,5fac5d28846b509c385f0fee13731e1861d35b06601585e887f87948e288e15a,386b1b8f5bcb216671af314a07577c7a87ff9d52babf9b9469bf1fd9d60ce2d5,,,,
G2_Q000281,G2_V000079,Friends,emotion trajectory,scored,0,4,0.0,,/root/longemo/runtime/runs/noevent_runtime24_continuation_20260923,5fac5d28846b509c385f0fee13731e1861d35b06601585e887f87948e288e15a,31dcb828765d5c073f3b12139b881af68860b799f0252c158018b08bcdbb0cf2,,,,
G2_Q000282,G2_V000080,unclassified,emotional intensity comparison,scored,0,1,0.0,,/root/longemo/runtime/runs/noevent_http428_seed5_continuation_20260923,c58a3edb89fb12f66c950e16ce6e7546d5414efb2ce942844c59b8f05580e11c,950159fcd1e3e7469c21b706ba2c6e6741968497f2cb63b6b27a6fbcaee55067,,,,
G2_Q000283,G2_V000080,unclassified,emotion trajectory,scored,2,4,50.0,,/root/longemo/runtime/runs/noevent_http428_seed5_continuation_20260923,c58a3edb89fb12f66c950e16ce6e7546d5414efb2ce942844c59b8f05580e11c,bc2e4c706b609f8947604f4858fe0d26f3abd9ab317b7715a0bd907b8a0febbb,,,,
G2_Q000284,G2_V000080,unclassified,emotional reasoning,scored,2,3,66.66666666666666,,/root/longemo/runtime/runs/noevent_http428_seed5_continuation_20260923,c58a3edb89fb12f66c950e16ce6e7546d5414efb2ce942844c59b8f05580e11c,be52a3a80e64164276610c50da71303c3652129fb312131c4184e536ae70531a,,,,
G2_Q000285,G2_V000080,unclassified,emotional reasoning,scored,2,3,66.66666666666666,,/root/longemo/runtime/runs/noevent_http428_seed5_continuation_20260923,c58a3edb89fb12f66c950e16ce6e7546d5414efb2ce942844c59b8f05580e11c,30581f71903614f7f783285d3096adddf678566c22537bf27459a5a6135e7082,,,,
G2_Q000286,G2_V000081,Friends,emotional intensity comparison,scored,0,1,0.0,,/root/longemo/runtime/runs/noevent_runtime24_continuation_20260923,8da477b9aa7f059f78be6dff977d4bfb5532a6c50b13a130c023212d19637bf6,a3547261927651d4e1574e8f4ff625d8508bbf19a46919c7bc1f0ff8d4f50816,,,,
G2_Q000287,G2_V000081,Friends,emotion trajectory,scored,0,4,0.0,,/root/longemo/runtime/runs/noevent_runtime24_continuation_20260923,8da477b9aa7f059f78be6dff977d4bfb5532a6c50b13a130c023212d19637bf6,803ba2dffa1211a15bad892b3dbbcc55b3ac9ce3676d85bb138b0c30b659f53d,,,,
G2_Q000288,G2_V000081,Friends,emotion trajectory,scored,1,4,25.0,,/root/longemo/runtime/runs/noevent_runtime24_continuation_20260923,8da477b9aa7f059f78be6dff977d4bfb5532a6c50b13a130c023212d19637bf6,b2f556431fcc7b1ee47ae432fd2babf8982ab590a1ff6bae8b839ceb95854f60,,,,
G2_Q000289,G2_V000082,unclassified,emotional intensity comparison,scored,0,1,0.0,,/root/longemo/runtime/runs/noevent_runtime24_continuation_20260923,b9db0a5f098ca829173190fdb0402a1cf3a21e33e6f54c33f3b549775b4da907,1f73aed7b1591eb98be6048fd2fc512c268ffb9f93a830a0bfc90c29005d89f4,,,,
G2_Q000290,G2_V000082,unclassified,emotion trajectory,scored,2,4,50.0,,/root/longemo/runtime/runs/noevent_runtime24_continuation_20260923,b9db0a5f098ca829173190fdb0402a1cf3a21e33e6f54c33f3b549775b4da907,9f2df6dc4af34255b88c3936aa2da6f104bd3012c1bd168317982398a92629be,,,,
G2_Q000291,G2_V000082,unclassified,emotional reasoning,scored,3,3,100.0,,/root/longemo/runtime/runs/noevent_runtime24_continuation_20260923,b9db0a5f098ca829173190fdb0402a1cf3a21e33e6f54c33f3b549775b4da907,97dfc0237546e4711bf0d12b55b8465f455767ea0239f37495e7cfe04c404dda,,,,
G2_Q000292,G2_V000082,unclassified,emotional reasoning,scored,2,3,66.66666666666666,,/root/longemo/runtime/runs/noevent_runtime24_continuation_20260923,b9db0a5f098ca829173190fdb0402a1cf3a21e33e6f54c33f3b549775b4da907,c07a06ac692e14facf6dfa897f5fe87a13e4b2cbc15b4f415c7b7c9f9f921261,,,,
G2_Q000293,G2_V000083,Friends,emotional intensity comparison,scored,0,1,0.0,,/root/longemo/runtime/runs/three_level_full558_gemini38_20260922,c4b25418f587c475f448bd5f31b70eda6cca2f2d972eeb633792c7d386760f69,207b2c0c95bea3a8437683a2a51f925da7b2a7c4ca57a90d48b12b969d129312,,,,
G2_Q000294,G2_V000083,Friends,emotional intensity comparison,scored,0,1,0.0,,/root/longemo/runtime/runs/three_level_full558_gemini38_20260922,c4b25418f587c475f448bd5f31b70eda6cca2f2d972eeb633792c7d386760f69,8cd41f4a11d923eb76c8bcf2d1ad20895d49365e80dcf9b5e7afaf97060235ae,,,,
G2_Q000295,G2_V000083,Friends,emotional intensity comparison,scored,0,1,0.0,,/root/longemo/runtime/runs/three_level_full558_gemini38_20260922,c4b25418f587c475f448bd5f31b70eda6cca2f2d972eeb633792c7d386760f69,d63246058f66a492e40df9f704a319ba1b1426ace3d10981a2908de49a7db1a9,,,,
G2_Q000296,G2_V000083,Friends,emotional intensity comparison,scored,1,1,100.0,,/root/longemo/runtime/runs/three_level_full558_gemini38_20260922,c4b25418f587c475f448bd5f31b70eda6cca2f2d972eeb633792c7d386760f69,76aa9c395ed321dfc49284cd571170df4eaa660c89c985588bf7ed855948ad6e,,,,
G2_Q000297,G2_V000083,Friends,emotion trajectory,scored,1,4,25.0,,/root/longemo/runtime/runs/three_level_full558_gemini38_20260922,c4b25418f587c475f448bd5f31b70eda6cca2f2d972eeb633792c7d386760f69,750066cee34ce5bf9c86a24091e13630701b3910ff190391f876c74644330aed,,,,
G2_Q000298,G2_V000084,unclassified,emotional intensity comparison,blocked,,,,perception_content_filter,/root/longemo/runtime/runs/three_level_full558_gemini38_20260922,,,audio,W00008,c978791394c4a755b9528b2986d4e22e746a1e8d9048906fc8714d9b916c825d,11f684e1a6d6f9323f3ccf9667d941616d7d8b62a5670990038bf6d926258f2b
G2_Q000299,G2_V000084,unclassified,emotion trajectory,blocked,,,,perception_content_filter,/root/longemo/runtime/runs/three_level_full558_gemini38_20260922,,,audio,W00008,c978791394c4a755b9528b2986d4e22e746a1e8d9048906fc8714d9b916c825d,11f684e1a6d6f9323f3ccf9667d941616d7d8b62a5670990038bf6d926258f2b
G2_Q000300,G2_V000084,unclassified,emotion trajectory,blocked,,,,perception_content_filter,/root/longemo/runtime/runs/three_level_full558_gemini38_20260922,,,audio,W00008,c978791394c4a755b9528b2986d4e22e746a1e8d9048906fc8714d9b916c825d,11f684e1a6d6f9323f3ccf9667d941616d7d8b62a5670990038bf6d926258f2b
G2_Q000301,G2_V000084,unclassified,emotion trajectory,blocked,,,,perception_content_filter,/root/longemo/runtime/runs/three_level_full558_gemini38_20260922,,,audio,W00008,c978791394c4a755b9528b2986d4e22e746a1e8d9048906fc8714d9b916c825d,11f684e1a6d6f9323f3ccf9667d941616d7d8b62a5670990038bf6d926258f2b
G2_Q000302,G2_V000084,unclassified,emotional reasoning,blocked,,,,perception_content_filter,/root/longemo/runtime/runs/three_level_full558_gemini38_20260922,,,audio,W00008,c978791394c4a755b9528b2986d4e22e746a1e8d9048906fc8714d9b916c825d,11f684e1a6d6f9323f3ccf9667d941616d7d8b62a5670990038bf6d926258f2b
G2_Q000303,G2_V000084,unclassified,emotional reasoning,blocked,,,,perception_content_filter,/root/longemo/runtime/runs/three_level_full558_gemini38_20260922,,,audio,W00008,c978791394c4a755b9528b2986d4e22e746a1e8d9048906fc8714d9b916c825d,11f684e1a6d6f9323f3ccf9667d941616d7d8b62a5670990038bf6d926258f2b
G2_Q000304,G2_V000085,Friends,emotional intensity comparison,scored,0,1,0.0,,/root/longemo/runtime/runs/noevent_runtime24_continuation_20260923,fc1e41168fd8e96da90cd1340b8d146ab30f8a5e08d9897b78fce5b70c03c442,e0778f26cd9065052783f5324164776c8f6ecd3096691f133eace55d5e832064,,,,
G2_Q000305,G2_V000085,Friends,emotional intensity comparison,scored,0,1,0.0,,/root/longemo/runtime/runs/noevent_runtime24_continuation_20260923,fc1e41168fd8e96da90cd1340b8d146ab30f8a5e08d9897b78fce5b70c03c442,9d291e3d64ee682533682a8057127534729b62150601d28fa4bc74a5aa4d8ced,,,,
G2_Q000306,G2_V000085,Friends,emotion trajectory,scored,1,4,25.0,,/root/longemo/runtime/runs/noevent_runtime24_continuation_20260923,fc1e41168fd8e96da90cd1340b8d146ab30f8a5e08d9897b78fce5b70c03c442,c173ea75a9cd6d93f2dd88a1f4f09c7b52a326aa19e341c57d14ed04574a5a8c,,,,
G2_Q000307,G2_V000085,Friends,emotion trajectory,scored,1,4,25.0,,/root/longemo/runtime/runs/noevent_runtime24_continuation_20260923,fc1e41168fd8e96da90cd1340b8d146ab30f8a5e08d9897b78fce5b70c03c442,ae8bc43a6cba2e066f1c31ae6e9804c576c7461806459c3bf9496b093172b73d,,,,
G2_Q000308,G2_V000086,Friends,emotional intensity comparison,scored,0,1,0.0,,/root/longemo/runtime/runs/three_level_full558_gemini38_20260922,7dbd54523461d2e6a7cbeb694ce48f83cbd3cc409d96a907cbef0865f8ca5000,d02f53da2be84c88c67cbf33d59ed4f4dff413976d38c91e76f12e990bf6ac86,,,,
G2_Q000309,G2_V000086,Friends,emotional intensity comparison,scored,0,1,0.0,,/root/longemo/runtime/runs/three_level_full558_gemini38_20260922,7dbd54523461d2e6a7cbeb694ce48f83cbd3cc409d96a907cbef0865f8ca5000,1ba13b18be3480ab6eeb88e58d1f193b4d608bbd70a4e0884371da5aa35fbfd7,,,,
G2_Q000310,G2_V000086,Friends,emotion trajectory,scored,1,4,25.0,,/root/longemo/runtime/runs/three_level_full558_gemini38_20260922,7dbd54523461d2e6a7cbeb694ce48f83cbd3cc409d96a907cbef0865f8ca5000,d7bc5eeee38aac900e5e57afc07df28b0a61a7920a93cd51bd7b16ba958dd83f,,,,
G2_Q000311,G2_V000086,Friends,emotion trajectory,scored,0,4,0.0,,/root/longemo/runtime/runs/three_level_full558_gemini38_20260922,7dbd54523461d2e6a7cbeb694ce48f83cbd3cc409d96a907cbef0865f8ca5000,63083f2575234c11df4a5280618079588625d6823e7846dc23d48781ab900e08,,,,
G2_Q000312,G2_V000086,Friends,emotion trajectory,scored,0,4,0.0,,/root/longemo/runtime/runs/three_level_full558_gemini38_20260922,7dbd54523461d2e6a7cbeb694ce48f83cbd3cc409d96a907cbef0865f8ca5000,44c199d3675ac7dfe3135c6bfd5fdff561b4e1b6eadb926ef359606a38135b0f,,,,
G2_Q000313,G2_V000086,Friends,emotion trajectory,scored,0,4,0.0,,/root/longemo/runtime/runs/three_level_full558_gemini38_20260922,7dbd54523461d2e6a7cbeb694ce48f83cbd3cc409d96a907cbef0865f8ca5000,2713dbf3e9797158372fb325d2e9239adace2fb4961c02e897abfd291dce74be,,,,
G2_Q000314,G2_V000087,Friends,emotional intensity comparison,scored,0,1,0.0,,/root/longemo/runtime/runs/three_level_full558_gemini38_20260922,6615d9b4ec1cfc65d351b55809c71da88e41d273b929b3e2b22e44933e5484f8,fc1277e170212739e960fe2e8c90bec4a46e32fb9b087ead4202c7d9194ada4e,,,,
G2_Q000315,G2_V000087,Friends,emotional intensity comparison,scored,0,1,0.0,,/root/longemo/runtime/runs/three_level_full558_gemini38_20260922,6615d9b4ec1cfc65d351b55809c71da88e41d273b929b3e2b22e44933e5484f8,fa00e7e8f9d121c23f04e06d8e0fae67cd648597a9801d400880831dcfb40ff6,,,,
G2_Q000316,G2_V000087,Friends,emotional reasoning,scored,0,3,0.0,,/root/longemo/runtime/runs/three_level_full558_gemini38_20260922,6615d9b4ec1cfc65d351b55809c71da88e41d273b929b3e2b22e44933e5484f8,b1afbe48db091961b0f0ada1222611a5c01bb96aafd843429525f10df3bb4a93,,,,
G2_Q000317,G2_V000087,Friends,emotion trajectory,scored,1,4,25.0,,/root/longemo/runtime/runs/three_level_full558_gemini38_20260922,6615d9b4ec1cfc65d351b55809c71da88e41d273b929b3e2b22e44933e5484f8,97a919ae02ed88a9917120e4b15d8b38996919a65abacdd00431e1c667ecae7f,,,,
G2_Q000318,G2_V000087,Friends,emotional reasoning,scored,2,3,66.66666666666666,,/root/longemo/runtime/runs/three_level_full558_gemini38_20260922,6615d9b4ec1cfc65d351b55809c71da88e41d273b929b3e2b22e44933e5484f8,5cdc1920ee583a924225ae9d86bcb55454c6aae6c3941eb024912f7e20d375f3,,,,
G2_Q000319,G2_V000088,Friends,emotion trajectory,scored,1,4,25.0,,/root/longemo/runtime/runs/three_level_full558_gemini38_20260922,c61aa2afd0ba38a3ab651d3fdf436b9962931785729c50541b4fced3aa3b4d03,0db2d6e80aeedf4b3e1066260efcbb857fe2c26e190626a0561e88e49d1f211e,,,,
G2_Q000320,G2_V000088,Friends,emotional reasoning,scored,2,3,66.66666666666666,,/root/longemo/runtime/runs/three_level_full558_gemini38_20260922,c61aa2afd0ba38a3ab651d3fdf436b9962931785729c50541b4fced3aa3b4d03,e85093fcd845c4870d2911341818625cc8046c015a7875979633b5f59a428cc6,,,,
G2_Q000321,G2_V000088,Friends,emotional reasoning,scored,0,3,0.0,,/root/longemo/runtime/runs/three_level_full558_gemini38_20260922,c61aa2afd0ba38a3ab651d3fdf436b9962931785729c50541b4fced3aa3b4d03,f7234e116f5ed31faf26d9bbfb5e5862273805f1d77128637985ccf7804e854a,,,,
G2_Q000322,G2_V000089,unclassified,emotional intensity comparison,blocked,,,,perception_content_filter,/root/longemo/runtime/runs/three_level_full558_gemini38_20260922,,,audio,W00005,ad22d455723bf9195a71854600e0107fd6822ab3c251eac38b9efde34b4b65c7,d0fa03a485818104ef8559cabe0995505a9713227b1e094a16d56f2ca470b7bf
G2_Q000323,G2_V000089,unclassified,emotional intensity comparison,blocked,,,,perception_content_filter,/root/longemo/runtime/runs/three_level_full558_gemini38_20260922,,,audio,W00005,ad22d455723bf9195a71854600e0107fd6822ab3c251eac38b9efde34b4b65c7,d0fa03a485818104ef8559cabe0995505a9713227b1e094a16d56f2ca470b7bf
G2_Q000324,G2_V000089,unclassified,emotion trajectory,blocked,,,,perception_content_filter,/root/longemo/runtime/runs/three_level_full558_gemini38_20260922,,,audio,W00005,ad22d455723bf9195a71854600e0107fd6822ab3c251eac38b9efde34b4b65c7,d0fa03a485818104ef8559cabe0995505a9713227b1e094a16d56f2ca470b7bf
G2_Q000325,G2_V000089,unclassified,emotion trajectory,blocked,,,,perception_content_filter,/root/longemo/runtime/runs/three_level_full558_gemini38_20260922,,,audio,W00005,ad22d455723bf9195a71854600e0107fd6822ab3c251eac38b9efde34b4b65c7,d0fa03a485818104ef8559cabe0995505a9713227b1e094a16d56f2ca470b7bf
G2_Q000326,G2_V000089,unclassified,emotional reasoning,blocked,,,,perception_content_filter,/root/longemo/runtime/runs/three_level_full558_gemini38_20260922,,,audio,W00005,ad22d455723bf9195a71854600e0107fd6822ab3c251eac38b9efde34b4b65c7,d0fa03a485818104ef8559cabe0995505a9713227b1e094a16d56f2ca470b7bf
G2_Q000327,G2_V000090,Friends,emotion trajectory,scored,0,4,0.0,,/root/longemo/runtime/runs/three_level_full558_gemini38_20260922,8acf5969b65d043e23510392df07ecea1e5f68197fa3fe73f4114fbe68feb9cf,46c586a3d34b0b447a86d3096cbf3c6a4a8e244309f668c1cc50b53086f8b464,,,,
G2_Q000328,G2_V000090,Friends,emotion trajectory,scored,1,4,25.0,,/root/longemo/runtime/runs/three_level_full558_gemini38_20260922,8acf5969b65d043e23510392df07ecea1e5f68197fa3fe73f4114fbe68feb9cf,fc78051f8a380a7c76aa7e4f538e3578656e27fa967238f3adb86f5c58c08fbb,,,,
G2_Q000329,G2_V000090,Friends,emotional reasoning,scored,2,3,66.66666666666666,,/root/longemo/runtime/runs/three_level_full558_gemini38_20260922,8acf5969b65d043e23510392df07ecea1e5f68197fa3fe73f4114fbe68feb9cf,13849670f260bfaf72666359be84d349fe90fd7b779c5c801811c850292311a3,,,,
G2_Q000330,G2_V000090,Friends,emotional reasoning,scored,2,3,66.66666666666666,,/root/longemo/runtime/runs/three_level_full558_gemini38_20260922,8acf5969b65d043e23510392df07ecea1e5f68197fa3fe73f4114fbe68feb9cf,65f10a1ee87e0e1747b7dab1a75d3a00cc9bf5ee1d391d991eff5a94f9bbc304,,,,
G2_Q000331,G2_V000091,Friends,emotion trajectory,blocked,,,,perception_dlp_rejection,/root/longemo/runtime/runs/noevent_audio429_G2_V000091_20260923,,,audio,W00028,7bff19cc1b6bee95f8fd9a1f41c4931049cadd49d782707677a1362e29a38691,8251df7990430bb95e8a415d2595db371c1b9f157006d7186d4134c89d755b09
G2_Q000332,G2_V000091,Friends,emotion trajectory,blocked,,,,perception_dlp_rejection,/root/longemo/runtime/runs/noevent_audio429_G2_V000091_20260923,,,audio,W00028,7bff19cc1b6bee95f8fd9a1f41c4931049cadd49d782707677a1362e29a38691,8251df7990430bb95e8a415d2595db371c1b9f157006d7186d4134c89d755b09
G2_Q000333,G2_V000091,Friends,emotion trajectory,blocked,,,,perception_dlp_rejection,/root/longemo/runtime/runs/noevent_audio429_G2_V000091_20260923,,,audio,W00028,7bff19cc1b6bee95f8fd9a1f41c4931049cadd49d782707677a1362e29a38691,8251df7990430bb95e8a415d2595db371c1b9f157006d7186d4134c89d755b09
G2_Q000334,G2_V000091,Friends,emotion trajectory,blocked,,,,perception_dlp_rejection,/root/longemo/runtime/runs/noevent_audio429_G2_V000091_20260923,,,audio,W00028,7bff19cc1b6bee95f8fd9a1f41c4931049cadd49d782707677a1362e29a38691,8251df7990430bb95e8a415d2595db371c1b9f157006d7186d4134c89d755b09
G2_Q000335,G2_V000091,Friends,emotional reasoning,blocked,,,,perception_dlp_rejection,/root/longemo/runtime/runs/noevent_audio429_G2_V000091_20260923,,,audio,W00028,7bff19cc1b6bee95f8fd9a1f41c4931049cadd49d782707677a1362e29a38691,8251df7990430bb95e8a415d2595db371c1b9f157006d7186d4134c89d755b09
G2_Q000336,G2_V000092,Friends,emotion trajectory,scored,2,4,50.0,,/root/longemo/runtime/runs/three_level_full558_gemini38_20260922,33203af504d11c6f57ae1e8e0eaa25d9752276ecc8ef48247005ace265ab75e4,9c11853d1f59dd14bacbcc48801cb9d2aae2ac4339fdcd15e0876c9ead876fd6,,,,
G2_Q000337,G2_V000092,Friends,emotional intensity comparison,scored,1,1,100.0,,/root/longemo/runtime/runs/three_level_full558_gemini38_20260922,33203af504d11c6f57ae1e8e0eaa25d9752276ecc8ef48247005ace265ab75e4,aaa411df966a7d379c2c584d77c5db845e5b5e10ce55f3b790998ce48c498211,,,,
G2_Q000338,G2_V000092,Friends,emotional reasoning,scored,2,3,66.66666666666666,,/root/longemo/runtime/runs/three_level_full558_gemini38_20260922,33203af504d11c6f57ae1e8e0eaa25d9752276ecc8ef48247005ace265ab75e4,a1045b3cdf34b0b1214cf01018f7c2e2459444358af0c6bc24cf192e5b7cc5aa,,,,
G2_Q000339,G2_V000092,Friends,emotion trajectory,scored,1,4,25.0,,/root/longemo/runtime/runs/three_level_full558_gemini38_20260922,33203af504d11c6f57ae1e8e0eaa25d9752276ecc8ef48247005ace265ab75e4,b0ac3735ce69d54b4da8dc730ba15ebd0ed2233c1aa22005add867d06c3150a3,,,,
G2_Q000340,G2_V000092,Friends,emotion trajectory,scored,2,4,50.0,,/root/longemo/runtime/runs/three_level_full558_gemini38_20260922,33203af504d11c6f57ae1e8e0eaa25d9752276ecc8ef48247005ace265ab75e4,551c5285c1773439b14db5493cd399df8c63261452e248794ac810cf18e0d8d2,,,,
G2_Q000341,G2_V000093,Friends,emotional intensity comparison,blocked,,,,perception_content_filter,/root/longemo/runtime/runs/three_level_full558_gemini38_20260922,,,audio,W00031,b874c75943ef9d8e72347a841bbef9935e28b5bad0c8e0b49703eeee74869bc2,9c9f3d5f75c8e898f7c120e819bb9297a4040e59e7f21ed8af9c3b1300dc3643
G2_Q000342,G2_V000093,Friends,emotional intensity comparison,blocked,,,,perception_content_filter,/root/longemo/runtime/runs/three_level_full558_gemini38_20260922,,,audio,W00031,b874c75943ef9d8e72347a841bbef9935e28b5bad0c8e0b49703eeee74869bc2,9c9f3d5f75c8e898f7c120e819bb9297a4040e59e7f21ed8af9c3b1300dc3643
G2_Q000343,G2_V000093,Friends,emotion trajectory,blocked,,,,perception_content_filter,/root/longemo/runtime/runs/three_level_full558_gemini38_20260922,,,audio,W00031,b874c75943ef9d8e72347a841bbef9935e28b5bad0c8e0b49703eeee74869bc2,9c9f3d5f75c8e898f7c120e819bb9297a4040e59e7f21ed8af9c3b1300dc3643
G2_Q000344,G2_V000093,Friends,emotion trajectory,blocked,,,,perception_content_filter,/root/longemo/runtime/runs/three_level_full558_gemini38_20260922,,,audio,W00031,b874c75943ef9d8e72347a841bbef9935e28b5bad0c8e0b49703eeee74869bc2,9c9f3d5f75c8e898f7c120e819bb9297a4040e59e7f21ed8af9c3b1300dc3643
G2_Q000345,G2_V000093,Friends,emotion trajectory,blocked,,,,perception_content_filter,/root/longemo/runtime/runs/three_level_full558_gemini38_20260922,,,audio,W00031,b874c75943ef9d8e72347a841bbef9935e28b5bad0c8e0b49703eeee74869bc2,9c9f3d5f75c8e898f7c120e819bb9297a4040e59e7f21ed8af9c3b1300dc3643
G2_Q000346,G2_V000093,Friends,emotion trajectory,blocked,,,,perception_content_filter,/root/longemo/runtime/runs/three_level_full558_gemini38_20260922,,,audio,W00031,b874c75943ef9d8e72347a841bbef9935e28b5bad0c8e0b49703eeee74869bc2,9c9f3d5f75c8e898f7c120e819bb9297a4040e59e7f21ed8af9c3b1300dc3643
G2_Q000347,G2_V000094,Home with Kids,emotional intensity comparison,blocked,,,,perception_dlp_rejection,/root/longemo/runtime/runs/three_level_full558_gemini38_20260922,,,audio,W00050,166312cb848d35d782a887fe16eb6082e64aa4e498f778b3c6c56e6b7ae9f78b,d0d76cc7788cfe0c023d2f2498b4ee226642f1b2045d44470fb225d0e093ef8c
G2_Q000348,G2_V000094,Home with Kids,emotion trajectory,blocked,,,,perception_dlp_rejection,/root/longemo/runtime/runs/three_level_full558_gemini38_20260922,,,audio,W00050,166312cb848d35d782a887fe16eb6082e64aa4e498f778b3c6c56e6b7ae9f78b,d0d76cc7788cfe0c023d2f2498b4ee226642f1b2045d44470fb225d0e093ef8c
G2_Q000349,G2_V000095,Friends,emotional intensity comparison,scored,0,1,0.0,,/root/longemo/runtime/runs/three_level_full558_gemini38_20260922,0da5cf2b5f40ca44ac08fae8823afecb6013b04eb5548e69ba41fe64085a7d8c,a176a685aaaea7d01d839f49ba83266c50bd298a29287dfe236290eb86b514cb,,,,
G2_Q000350,G2_V000095,Friends,emotional reasoning,blocked,,,,judge_content_filter,/root/longemo/runtime/runs/three_level_full558_gemini38_20260922,,,score,,,0da5cf2b5f40ca44ac08fae8823afecb6013b04eb5548e69ba41fe64085a7d8c
G2_Q000351,G2_V000095,Friends,emotion trajectory,scored,0,4,0.0,,/root/longemo/runtime/runs/three_level_full558_gemini38_20260922,0da5cf2b5f40ca44ac08fae8823afecb6013b04eb5548e69ba41fe64085a7d8c,9ee55fe5afc21883fb927cdfe8e96d38dfb311bc755947ed06bc19771766cafd,,,,
G2_Q000352,G2_V000095,Friends,emotion trajectory,scored,0,4,0.0,,/root/longemo/runtime/runs/three_level_full558_gemini38_20260922,0da5cf2b5f40ca44ac08fae8823afecb6013b04eb5548e69ba41fe64085a7d8c,213a41ef1ed4efc5d227646737390c90f88853abdf79024f377ebd61cacde421,,,,
G2_Q000353,G2_V000095,Friends,emotion trajectory,scored,1,4,25.0,,/root/longemo/runtime/runs/three_level_full558_gemini38_20260922,0da5cf2b5f40ca44ac08fae8823afecb6013b04eb5548e69ba41fe64085a7d8c,92dc98d572b33447c2c12dfe2b091ee55b37d3093112958e5114bb1b7d20a48c,,,,
G2_Q000354,G2_V000096,Home with Kids,emotional reasoning,blocked,,,,perception_content_filter,/root/longemo/runtime/runs/noevent_length5_continuation_20260923,,,audio,W00032,c9bb3c72347fa1f64e3d0baad6b13d020b045cffe6c3c30eda1972dfe3b3114a,2e2be95694b486e9f9a8457a72191a551494a7856dd12a9c748105264e8690db
G2_Q000355,G2_V000096,Home with Kids,emotion trajectory,blocked,,,,perception_content_filter,/root/longemo/runtime/runs/noevent_length5_continuation_20260923,,,audio,W00032,c9bb3c72347fa1f64e3d0baad6b13d020b045cffe6c3c30eda1972dfe3b3114a,2e2be95694b486e9f9a8457a72191a551494a7856dd12a9c748105264e8690db
G2_Q000356,G2_V000097,Friends,emotional intensity comparison,blocked,,,,perception_dlp_rejection,/root/longemo/runtime/runs/three_level_full558_gemini38_20260922,,,audio,W00041,07f2e13f8a20b59bc4aded868f665a31e196990874ff3997795bc8a839bdab38,07d7880ad7623e778814d693f173ce385934c8eccaf4637473d785a6975cb077
G2_Q000357,G2_V000097,Friends,emotion trajectory,blocked,,,,perception_dlp_rejection,/root/longemo/runtime/runs/three_level_full558_gemini38_20260922,,,audio,W00041,07f2e13f8a20b59bc4aded868f665a31e196990874ff3997795bc8a839bdab38,07d7880ad7623e778814d693f173ce385934c8eccaf4637473d785a6975cb077
G2_Q000358,G2_V000097,Friends,emotion trajectory,blocked,,,,perception_dlp_rejection,/root/longemo/runtime/runs/three_level_full558_gemini38_20260922,,,audio,W00041,07f2e13f8a20b59bc4aded868f665a31e196990874ff3997795bc8a839bdab38,07d7880ad7623e778814d693f173ce385934c8eccaf4637473d785a6975cb077
G2_Q000359,G2_V000097,Friends,emotion trajectory,blocked,,,,perception_dlp_rejection,/root/longemo/runtime/runs/three_level_full558_gemini38_20260922,,,audio,W00041,07f2e13f8a20b59bc4aded868f665a31e196990874ff3997795bc8a839bdab38,07d7880ad7623e778814d693f173ce385934c8eccaf4637473d785a6975cb077
G2_Q000360,G2_V000098,Home with Kids,emotion trajectory,scored,2,4,50.0,,/root/longemo/runtime/runs/noevent_runtime24_continuation_20260923,aee4972f962c063221389574475bf4c999bd08adea7f210fe4e15f582064ac34,34e1ecd5b04ff04f08d684cc5d347282f7889a0436c48be193585c1135658e33,,,,
G2_Q000361,G2_V000098,Home with Kids,emotional reasoning,scored,0,1,0.0,,/root/longemo/runtime/runs/noevent_runtime24_continuation_20260923,aee4972f962c063221389574475bf4c999bd08adea7f210fe4e15f582064ac34,1313719ca85459bc85a851cbb9cfd994be14561cec8766d6e81409c3dcc46ddc,,,,
G2_Q000362,G2_V000099,Friends,emotional intensity comparison,blocked,,,,perception_dlp_rejection,/root/longemo/runtime/runs/noevent_runtime24_continuation_20260923,,,audio,W00029,12584af2419ff178dce68259c3f4509c6571d556ba4952730c35020e9897bacc,f7a3874da08c92164693528a1e69eee65626d4bed82eb435639a7cdf211e3780
G2_Q000363,G2_V000099,Friends,emotion trajectory,blocked,,,,perception_dlp_rejection,/root/longemo/runtime/runs/noevent_runtime24_continuation_20260923,,,audio,W00029,12584af2419ff178dce68259c3f4509c6571d556ba4952730c35020e9897bacc,f7a3874da08c92164693528a1e69eee65626d4bed82eb435639a7cdf211e3780
G2_Q000364,G2_V000099,Friends,emotion trajectory,blocked,,,,perception_dlp_rejection,/root/longemo/runtime/runs/noevent_runtime24_continuation_20260923,,,audio,W00029,12584af2419ff178dce68259c3f4509c6571d556ba4952730c35020e9897bacc,f7a3874da08c92164693528a1e69eee65626d4bed82eb435639a7cdf211e3780
G2_Q000365,G2_V000099,Friends,emotional reasoning,blocked,,,,perception_dlp_rejection,/root/longemo/runtime/runs/noevent_runtime24_continuation_20260923,,,audio,W00029,12584af2419ff178dce68259c3f4509c6571d556ba4952730c35020e9897bacc,f7a3874da08c92164693528a1e69eee65626d4bed82eb435639a7cdf211e3780
G2_Q000366,G2_V000100,Home with Kids,emotion trajectory,blocked,,,,perception_dlp_rejection,/root/longemo/runtime/runs/noevent_audio429_G2_V000100_20260923,,,audio,W00049,95ffc318d8a328a6675411247e0d092cb526e287a049ae9dc1b83e1657252a7b,6f1a087c5d98bb1c01c9c28bd5476c6231f78bbc77f22582170e8ffdc01aa9c3
G2_Q000367,G2_V000100,Home with Kids,emotional reasoning,blocked,,,,perception_dlp_rejection,/root/longemo/runtime/runs/noevent_audio429_G2_V000100_20260923,,,audio,W00049,95ffc318d8a328a6675411247e0d092cb526e287a049ae9dc1b83e1657252a7b,6f1a087c5d98bb1c01c9c28bd5476c6231f78bbc77f22582170e8ffdc01aa9c3
G2_Q000368,G2_V000101,Home with Kids,emotional reasoning,scored,2,3,66.66666666666666,,/root/longemo/runtime/runs/noevent_v101_audio_seed_continuation_20260923,16e0aa66f2365a7b5cffe4fd5c6596ced75608ba748a79cadc9b95c4c48cf3ce,e35b497a305d8d80d29d34d244b11290f831dae62309ea6e7110f1603cc81bf6,,,,
G2_Q000369,G2_V000101,Home with Kids,emotion trajectory,scored,2,4,50.0,,/root/longemo/runtime/runs/noevent_v101_audio_seed_continuation_20260923,16e0aa66f2365a7b5cffe4fd5c6596ced75608ba748a79cadc9b95c4c48cf3ce,19c172088759eba68a843f970a566c37567033bdedd48205d95b27ea84ddbbea,,,,
G2_Q000370,G2_V000101,Home with Kids,emotional intensity comparison,scored,0,1,0.0,,/root/longemo/runtime/runs/noevent_v101_audio_seed_continuation_20260923,16e0aa66f2365a7b5cffe4fd5c6596ced75608ba748a79cadc9b95c4c48cf3ce,01ae71645bb0a1417ab4ad6d61a09f3c09b2aba8ea857d5cff0094f8d680b0f8,,,,
G2_Q000371,G2_V000102,Malcolm in the Middle,emotional intensity comparison,blocked,,,,perception_content_filter,/root/longemo/runtime/runs/three_level_full558_gemini38_20260922,,,audio,W00008,f492eeb13d2d4f7c3c88af51d15ca3e34b31c4ed61b96abf7f21491c79f1346a,a668973f3d6f8b53dd431056466d96d009e9d15049ede67626584b9b1e59d0f9
G2_Q000372,G2_V000102,Malcolm in the Middle,emotional intensity comparison,blocked,,,,perception_content_filter,/root/longemo/runtime/runs/three_level_full558_gemini38_20260922,,,audio,W00008,f492eeb13d2d4f7c3c88af51d15ca3e34b31c4ed61b96abf7f21491c79f1346a,a668973f3d6f8b53dd431056466d96d009e9d15049ede67626584b9b1e59d0f9
G2_Q000373,G2_V000102,Malcolm in the Middle,emotional intensity comparison,blocked,,,,perception_content_filter,/root/longemo/runtime/runs/three_level_full558_gemini38_20260922,,,audio,W00008,f492eeb13d2d4f7c3c88af51d15ca3e34b31c4ed61b96abf7f21491c79f1346a,a668973f3d6f8b53dd431056466d96d009e9d15049ede67626584b9b1e59d0f9
G2_Q000374,G2_V000102,Malcolm in the Middle,emotion trajectory,blocked,,,,perception_content_filter,/root/longemo/runtime/runs/three_level_full558_gemini38_20260922,,,audio,W00008,f492eeb13d2d4f7c3c88af51d15ca3e34b31c4ed61b96abf7f21491c79f1346a,a668973f3d6f8b53dd431056466d96d009e9d15049ede67626584b9b1e59d0f9
G2_Q000375,G2_V000102,Malcolm in the Middle,emotional reasoning,blocked,,,,perception_content_filter,/root/longemo/runtime/runs/three_level_full558_gemini38_20260922,,,audio,W00008,f492eeb13d2d4f7c3c88af51d15ca3e34b31c4ed61b96abf7f21491c79f1346a,a668973f3d6f8b53dd431056466d96d009e9d15049ede67626584b9b1e59d0f9
G2_Q000376,G2_V000103,Malcolm in the Middle,emotional intensity comparison,blocked,,,,perception_content_filter,/root/longemo/runtime/runs/noevent_runtime24_continuation_20260923,,,audio,W00063,40efaf229894b5bd9de4af6102966c589eee151773dd14565959f015048c9baa,2e09d3e2fbb96bf5e695ed67e2c7fe6608fbf7eee91ac34b3e68a4d2948db24c
G2_Q000377,G2_V000103,Malcolm in the Middle,emotional reasoning,blocked,,,,perception_content_filter,/root/longemo/runtime/runs/noevent_runtime24_continuation_20260923,,,audio,W00063,40efaf229894b5bd9de4af6102966c589eee151773dd14565959f015048c9baa,2e09d3e2fbb96bf5e695ed67e2c7fe6608fbf7eee91ac34b3e68a4d2948db24c
G2_Q000378,G2_V000103,Malcolm in the Middle,emotional intensity comparison,blocked,,,,perception_content_filter,/root/longemo/runtime/runs/noevent_runtime24_continuation_20260923,,,audio,W00063,40efaf229894b5bd9de4af6102966c589eee151773dd14565959f015048c9baa,2e09d3e2fbb96bf5e695ed67e2c7fe6608fbf7eee91ac34b3e68a4d2948db24c
G2_Q000379,G2_V000103,Malcolm in the Middle,emotion trajectory,blocked,,,,perception_content_filter,/root/longemo/runtime/runs/noevent_runtime24_continuation_20260923,,,audio,W00063,40efaf229894b5bd9de4af6102966c589eee151773dd14565959f015048c9baa,2e09d3e2fbb96bf5e695ed67e2c7fe6608fbf7eee91ac34b3e68a4d2948db24c
G2_Q000380,G2_V000103,Malcolm in the Middle,emotion trajectory,blocked,,,,perception_content_filter,/root/longemo/runtime/runs/noevent_runtime24_continuation_20260923,,,audio,W00063,40efaf229894b5bd9de4af6102966c589eee151773dd14565959f015048c9baa,2e09d3e2fbb96bf5e695ed67e2c7fe6608fbf7eee91ac34b3e68a4d2948db24c
G2_Q000381,G2_V000103,Malcolm in the Middle,emotional reasoning,blocked,,,,perception_content_filter,/root/longemo/runtime/runs/noevent_runtime24_continuation_20260923,,,audio,W00063,40efaf229894b5bd9de4af6102966c589eee151773dd14565959f015048c9baa,2e09d3e2fbb96bf5e695ed67e2c7fe6608fbf7eee91ac34b3e68a4d2948db24c
G2_Q000382,G2_V000104,Malcolm in the Middle,emotional intensity comparison,blocked,,,,perception_content_filter,/root/longemo/runtime/runs/three_level_full558_gemini38_20260922,,,visual,W00055,23ab06ae74e0b2932e121725b02ede68f302ab32dee16f41ef7c7152d6f380bc,0b2a72250e2a78ffa5e38c0eb3d26d092830585c4bdc1b32ea372589bb65f569
G2_Q000383,G2_V000104,Malcolm in the Middle,emotional intensity comparison,blocked,,,,perception_content_filter,/root/longemo/runtime/runs/three_level_full558_gemini38_20260922,,,visual,W00055,23ab06ae74e0b2932e121725b02ede68f302ab32dee16f41ef7c7152d6f380bc,0b2a72250e2a78ffa5e38c0eb3d26d092830585c4bdc1b32ea372589bb65f569
G2_Q000384,G2_V000104,Malcolm in the Middle,emotional intensity comparison,blocked,,,,perception_content_filter,/root/longemo/runtime/runs/three_level_full558_gemini38_20260922,,,visual,W00055,23ab06ae74e0b2932e121725b02ede68f302ab32dee16f41ef7c7152d6f380bc,0b2a72250e2a78ffa5e38c0eb3d26d092830585c4bdc1b32ea372589bb65f569
G2_Q000385,G2_V000104,Malcolm in the Middle,emotion trajectory,blocked,,,,perception_content_filter,/root/longemo/runtime/runs/three_level_full558_gemini38_20260922,,,visual,W00055,23ab06ae74e0b2932e121725b02ede68f302ab32dee16f41ef7c7152d6f380bc,0b2a72250e2a78ffa5e38c0eb3d26d092830585c4bdc1b32ea372589bb65f569
G2_Q000386,G2_V000104,Malcolm in the Middle,emotion trajectory,blocked,,,,perception_content_filter,/root/longemo/runtime/runs/three_level_full558_gemini38_20260922,,,visual,W00055,23ab06ae74e0b2932e121725b02ede68f302ab32dee16f41ef7c7152d6f380bc,0b2a72250e2a78ffa5e38c0eb3d26d092830585c4bdc1b32ea372589bb65f569
G2_Q000387,G2_V000104,Malcolm in the Middle,emotional reasoning,blocked,,,,perception_content_filter,/root/longemo/runtime/runs/three_level_full558_gemini38_20260922,,,visual,W00055,23ab06ae74e0b2932e121725b02ede68f302ab32dee16f41ef7c7152d6f380bc,0b2a72250e2a78ffa5e38c0eb3d26d092830585c4bdc1b32ea372589bb65f569
G2_Q000388,G2_V000105,Malcolm in the Middle,emotional intensity comparison,blocked,,,,perception_content_filter,/root/longemo/runtime/runs/three_level_full558_gemini38_20260922,,,visual,W00001,fc3831bc69a4521329c3f83c592061b1c27e6e5431dcd1ecc34ba3fed3c553f4,49261e8d059d7a3144cddec334a86f07a598cc754ec858bf7f36078473f84f05
G2_Q000389,G2_V000105,Malcolm in the Middle,emotional intensity comparison,blocked,,,,perception_content_filter,/root/longemo/runtime/runs/three_level_full558_gemini38_20260922,,,visual,W00001,fc3831bc69a4521329c3f83c592061b1c27e6e5431dcd1ecc34ba3fed3c553f4,49261e8d059d7a3144cddec334a86f07a598cc754ec858bf7f36078473f84f05
G2_Q000390,G2_V000105,Malcolm in the Middle,emotional intensity comparison,blocked,,,,perception_content_filter,/root/longemo/runtime/runs/three_level_full558_gemini38_20260922,,,visual,W00001,fc3831bc69a4521329c3f83c592061b1c27e6e5431dcd1ecc34ba3fed3c553f4,49261e8d059d7a3144cddec334a86f07a598cc754ec858bf7f36078473f84f05
G2_Q000391,G2_V000105,Malcolm in the Middle,emotion trajectory,blocked,,,,perception_content_filter,/root/longemo/runtime/runs/three_level_full558_gemini38_20260922,,,visual,W00001,fc3831bc69a4521329c3f83c592061b1c27e6e5431dcd1ecc34ba3fed3c553f4,49261e8d059d7a3144cddec334a86f07a598cc754ec858bf7f36078473f84f05
G2_Q000392,G2_V000105,Malcolm in the Middle,emotional reasoning,blocked,,,,perception_content_filter,/root/longemo/runtime/runs/three_level_full558_gemini38_20260922,,,visual,W00001,fc3831bc69a4521329c3f83c592061b1c27e6e5431dcd1ecc34ba3fed3c553f4,49261e8d059d7a3144cddec334a86f07a598cc754ec858bf7f36078473f84f05
G2_Q000393,G2_V000105,Malcolm in the Middle,emotion trajectory,blocked,,,,perception_content_filter,/root/longemo/runtime/runs/three_level_full558_gemini38_20260922,,,visual,W00001,fc3831bc69a4521329c3f83c592061b1c27e6e5431dcd1ecc34ba3fed3c553f4,49261e8d059d7a3144cddec334a86f07a598cc754ec858bf7f36078473f84f05
G2_Q000394,G2_V000106,Malcolm in the Middle,emotional intensity comparison,blocked,,,,perception_content_filter,/root/longemo/runtime/runs/three_level_full558_gemini38_20260922,,,visual,W00022,37c777225c1cc8fbfa42e5a1d64e5c5d6bb35970417e1a770176c8bdb35b1625,732743a93d130c269b230435b7f614e2ee9bb3b887de076b743bb0b2234714ae
G2_Q000395,G2_V000106,Malcolm in the Middle,emotional intensity comparison,blocked,,,,perception_content_filter,/root/longemo/runtime/runs/three_level_full558_gemini38_20260922,,,visual,W00022,37c777225c1cc8fbfa42e5a1d64e5c5d6bb35970417e1a770176c8bdb35b1625,732743a93d130c269b230435b7f614e2ee9bb3b887de076b743bb0b2234714ae
G2_Q000396,G2_V000106,Malcolm in the Middle,emotion trajectory,blocked,,,,perception_content_filter,/root/longemo/runtime/runs/three_level_full558_gemini38_20260922,,,visual,W00022,37c777225c1cc8fbfa42e5a1d64e5c5d6bb35970417e1a770176c8bdb35b1625,732743a93d130c269b230435b7f614e2ee9bb3b887de076b743bb0b2234714ae
G2_Q000397,G2_V000106,Malcolm in the Middle,emotion trajectory,blocked,,,,perception_content_filter,/root/longemo/runtime/runs/three_level_full558_gemini38_20260922,,,visual,W00022,37c777225c1cc8fbfa42e5a1d64e5c5d6bb35970417e1a770176c8bdb35b1625,732743a93d130c269b230435b7f614e2ee9bb3b887de076b743bb0b2234714ae
G2_Q000398,G2_V000106,Malcolm in the Middle,emotional reasoning,blocked,,,,perception_content_filter,/root/longemo/runtime/runs/three_level_full558_gemini38_20260922,,,visual,W00022,37c777225c1cc8fbfa42e5a1d64e5c5d6bb35970417e1a770176c8bdb35b1625,732743a93d130c269b230435b7f614e2ee9bb3b887de076b743bb0b2234714ae
G2_Q000399,G2_V000106,Malcolm in the Middle,emotional intensity comparison,blocked,,,,perception_content_filter,/root/longemo/runtime/runs/three_level_full558_gemini38_20260922,,,visual,W00022,37c777225c1cc8fbfa42e5a1d64e5c5d6bb35970417e1a770176c8bdb35b1625,732743a93d130c269b230435b7f614e2ee9bb3b887de076b743bb0b2234714ae
G2_Q000400,G2_V000107,Malcolm in the Middle,emotional intensity comparison,scored,0,1,0.0,,/root/longemo/runtime/runs/three_level_full558_gemini38_20260922,d83c9b03edc843581ad3edb9828c271bd65b395a5ed4c9343d0520eeef154ca0,c91ff7a88836aefbeb803b5c17123bc255dc70f014a7ceaadc81e0fd2ffd235a,,,,
G2_Q000401,G2_V000107,Malcolm in the Middle,emotional intensity comparison,scored,0,1,0.0,,/root/longemo/runtime/runs/three_level_full558_gemini38_20260922,d83c9b03edc843581ad3edb9828c271bd65b395a5ed4c9343d0520eeef154ca0,e23006e003861b83a0e3562ef4839d4ce4ef4ee3f4cc9686fa10b31dad7bbe0a,,,,
G2_Q000402,G2_V000107,Malcolm in the Middle,emotional intensity comparison,scored,0,1,0.0,,/root/longemo/runtime/runs/three_level_full558_gemini38_20260922,d83c9b03edc843581ad3edb9828c271bd65b395a5ed4c9343d0520eeef154ca0,10b83f81b28cfdb03c71bbef08490c1fb9d28f548438505d10a355f9914dd32f,,,,
G2_Q000403,G2_V000107,Malcolm in the Middle,emotion trajectory,scored,0,4,0.0,,/root/longemo/runtime/runs/three_level_full558_gemini38_20260922,d83c9b03edc843581ad3edb9828c271bd65b395a5ed4c9343d0520eeef154ca0,5213848c1be2ae928d95aee6812f8cc5a32952690345b382a4f926766670974d,,,,
G2_Q000404,G2_V000107,Malcolm in the Middle,emotion trajectory,scored,0,4,0.0,,/root/longemo/runtime/runs/three_level_full558_gemini38_20260922,d83c9b03edc843581ad3edb9828c271bd65b395a5ed4c9343d0520eeef154ca0,581a34df304e3cb2c3528cab9143c29a43423a4ee7902af0489f75a50ac33a98,,,,
G2_Q000405,G2_V000107,Malcolm in the Middle,emotion trajectory,scored,0,4,0.0,,/root/longemo/runtime/runs/three_level_full558_gemini38_20260922,d83c9b03edc843581ad3edb9828c271bd65b395a5ed4c9343d0520eeef154ca0,ca4770b276eecca5bc0fe38008b144b8409d353e6fce4c307629b93e8438db5d,,,,
G2_Q000406,G2_V000108,Malcolm in the Middle,emotional intensity comparison,blocked,,,,perception_content_filter,/root/longemo/runtime/runs/three_level_full558_gemini38_20260922,,,visual,W00045,7a1fd42387e5d7c6040483d4112c01465d48a3d5cb78d1915c1aa59277cf22f0,e91a46adf348c928890a82841580d70170e36a9e990a54506b4a407185e3b5d6
G2_Q000407,G2_V000108,Malcolm in the Middle,emotion trajectory,blocked,,,,perception_content_filter,/root/longemo/runtime/runs/three_level_full558_gemini38_20260922,,,visual,W00045,7a1fd42387e5d7c6040483d4112c01465d48a3d5cb78d1915c1aa59277cf22f0,e91a46adf348c928890a82841580d70170e36a9e990a54506b4a407185e3b5d6
G2_Q000408,G2_V000108,Malcolm in the Middle,emotion trajectory,blocked,,,,perception_content_filter,/root/longemo/runtime/runs/three_level_full558_gemini38_20260922,,,visual,W00045,7a1fd42387e5d7c6040483d4112c01465d48a3d5cb78d1915c1aa59277cf22f0,e91a46adf348c928890a82841580d70170e36a9e990a54506b4a407185e3b5d6
G2_Q000409,G2_V000108,Malcolm in the Middle,emotion trajectory,blocked,,,,perception_content_filter,/root/longemo/runtime/runs/three_level_full558_gemini38_20260922,,,visual,W00045,7a1fd42387e5d7c6040483d4112c01465d48a3d5cb78d1915c1aa59277cf22f0,e91a46adf348c928890a82841580d70170e36a9e990a54506b4a407185e3b5d6
G2_Q000410,G2_V000108,Malcolm in the Middle,emotional reasoning,blocked,,,,perception_content_filter,/root/longemo/runtime/runs/three_level_full558_gemini38_20260922,,,visual,W00045,7a1fd42387e5d7c6040483d4112c01465d48a3d5cb78d1915c1aa59277cf22f0,e91a46adf348c928890a82841580d70170e36a9e990a54506b4a407185e3b5d6
G2_Q000411,G2_V000109,Malcolm in the Middle,emotional intensity comparison,blocked,,,,perception_content_filter,/root/longemo/runtime/runs/three_level_full558_gemini38_20260922,,,visual,W00012,74557e43aad7361e7592d864c498ed7c91e2587986b06a3d7691ef272488d800,54a9378abdb55bee55575e3819befa0e898c08d6546b7c4ab7dc686aeffca1f7
G2_Q000412,G2_V000109,Malcolm in the Middle,emotional intensity comparison,blocked,,,,perception_content_filter,/root/longemo/runtime/runs/three_level_full558_gemini38_20260922,,,visual,W00012,74557e43aad7361e7592d864c498ed7c91e2587986b06a3d7691ef272488d800,54a9378abdb55bee55575e3819befa0e898c08d6546b7c4ab7dc686aeffca1f7
G2_Q000413,G2_V000109,Malcolm in the Middle,emotion trajectory,blocked,,,,perception_content_filter,/root/longemo/runtime/runs/three_level_full558_gemini38_20260922,,,visual,W00012,74557e43aad7361e7592d864c498ed7c91e2587986b06a3d7691ef272488d800,54a9378abdb55bee55575e3819befa0e898c08d6546b7c4ab7dc686aeffca1f7
G2_Q000414,G2_V000109,Malcolm in the Middle,emotion trajectory,blocked,,,,perception_content_filter,/root/longemo/runtime/runs/three_level_full558_gemini38_20260922,,,visual,W00012,74557e43aad7361e7592d864c498ed7c91e2587986b06a3d7691ef272488d800,54a9378abdb55bee55575e3819befa0e898c08d6546b7c4ab7dc686aeffca1f7
G2_Q000415,G2_V000109,Malcolm in the Middle,emotional reasoning,blocked,,,,perception_content_filter,/root/longemo/runtime/runs/three_level_full558_gemini38_20260922,,,visual,W00012,74557e43aad7361e7592d864c498ed7c91e2587986b06a3d7691ef272488d800,54a9378abdb55bee55575e3819befa0e898c08d6546b7c4ab7dc686aeffca1f7
G2_Q000416,G2_V000110,Malcolm in the Middle,emotional intensity comparison,blocked,,,,perception_content_filter,/root/longemo/runtime/runs/three_level_full558_gemini38_20260922,,,visual,W00047,401940df13b94fb3f511fe2ab3c7a25b998d41ea08f80eb603d1932c30551bd4,c832a7ea9f04f8a317af7ed918c8d8920670a96483195e5d7a8dc63f3134f0c2
G2_Q000417,G2_V000110,Malcolm in the Middle,emotional intensity comparison,blocked,,,,perception_content_filter,/root/longemo/runtime/runs/three_level_full558_gemini38_20260922,,,visual,W00047,401940df13b94fb3f511fe2ab3c7a25b998d41ea08f80eb603d1932c30551bd4,c832a7ea9f04f8a317af7ed918c8d8920670a96483195e5d7a8dc63f3134f0c2
G2_Q000418,G2_V000110,Malcolm in the Middle,emotion trajectory,blocked,,,,perception_content_filter,/root/longemo/runtime/runs/three_level_full558_gemini38_20260922,,,visual,W00047,401940df13b94fb3f511fe2ab3c7a25b998d41ea08f80eb603d1932c30551bd4,c832a7ea9f04f8a317af7ed918c8d8920670a96483195e5d7a8dc63f3134f0c2
G2_Q000419,G2_V000110,Malcolm in the Middle,emotion trajectory,blocked,,,,perception_content_filter,/root/longemo/runtime/runs/three_level_full558_gemini38_20260922,,,visual,W00047,401940df13b94fb3f511fe2ab3c7a25b998d41ea08f80eb603d1932c30551bd4,c832a7ea9f04f8a317af7ed918c8d8920670a96483195e5d7a8dc63f3134f0c2
G2_Q000420,G2_V000110,Malcolm in the Middle,emotion trajectory,blocked,,,,perception_content_filter,/root/longemo/runtime/runs/three_level_full558_gemini38_20260922,,,visual,W00047,401940df13b94fb3f511fe2ab3c7a25b998d41ea08f80eb603d1932c30551bd4,c832a7ea9f04f8a317af7ed918c8d8920670a96483195e5d7a8dc63f3134f0c2
G2_Q000421,G2_V000110,Malcolm in the Middle,emotional reasoning,blocked,,,,perception_content_filter,/root/longemo/runtime/runs/three_level_full558_gemini38_20260922,,,visual,W00047,401940df13b94fb3f511fe2ab3c7a25b998d41ea08f80eb603d1932c30551bd4,c832a7ea9f04f8a317af7ed918c8d8920670a96483195e5d7a8dc63f3134f0c2
G2_Q000422,G2_V000111,Malcolm in the Middle,emotional intensity comparison,scored,1,1,100.0,,/root/longemo/runtime/runs/three_level_full558_gemini38_20260922,333424b0da845a3f3bc77ce3c93e91762c77a010786411fdb6c8eabd83ba6437,5a9cd48623435d0b224042b0f132a007e3c31d9d44d3aa6a17c5d430a4e8ce18,,,,
G2_Q000423,G2_V000111,Malcolm in the Middle,emotional intensity comparison,scored,0,1,0.0,,/root/longemo/runtime/runs/three_level_full558_gemini38_20260922,333424b0da845a3f3bc77ce3c93e91762c77a010786411fdb6c8eabd83ba6437,7737cf78663de3ff2c3f1a7bfd4673daf82b88d4b9e59b7620a0c56511bf113c,,,,
G2_Q000424,G2_V000111,Malcolm in the Middle,emotion trajectory,scored,0,4,0.0,,/root/longemo/runtime/runs/three_level_full558_gemini38_20260922,333424b0da845a3f3bc77ce3c93e91762c77a010786411fdb6c8eabd83ba6437,da4b8d588d43b8a222c3f5e9b809468394afed26a151071eb574fe2f774db5ef,,,,
G2_Q000425,G2_V000111,Malcolm in the Middle,emotional reasoning,scored,1,1,100.0,,/root/longemo/runtime/runs/three_level_full558_gemini38_20260922,333424b0da845a3f3bc77ce3c93e91762c77a010786411fdb6c8eabd83ba6437,0b0200f397925fe18498872f83be4c2ce5e3f1c7e8b5c5484e2423b8ecddc3bb,,,,
G2_Q000426,G2_V000111,Malcolm in the Middle,emotion trajectory,scored,0,4,0.0,,/root/longemo/runtime/runs/three_level_full558_gemini38_20260922,333424b0da845a3f3bc77ce3c93e91762c77a010786411fdb6c8eabd83ba6437,d8118dd93186aa57ab1b2d3b7b46019b9539c297bf761c983e21b7c3fcbb2b46,,,,
G2_Q000427,G2_V000112,Malcolm in the Middle,emotional intensity comparison,blocked,,,,perception_content_filter,/root/longemo/runtime/runs/three_level_full558_gemini38_20260922,,,visual,W00010,14717474d867766dc3ef8e54eb483cbaae13694082bacb9c8fc07c9bb811cee0,2261e133b6594192fcb0f5de985434cdd28890fea9047c00ce9d97191220bcd9
G2_Q000428,G2_V000112,Malcolm in the Middle,emotional intensity comparison,blocked,,,,perception_content_filter,/root/longemo/runtime/runs/three_level_full558_gemini38_20260922,,,visual,W00010,14717474d867766dc3ef8e54eb483cbaae13694082bacb9c8fc07c9bb811cee0,2261e133b6594192fcb0f5de985434cdd28890fea9047c00ce9d97191220bcd9
G2_Q000429,G2_V000112,Malcolm in the Middle,emotional intensity comparison,blocked,,,,perception_content_filter,/root/longemo/runtime/runs/three_level_full558_gemini38_20260922,,,visual,W00010,14717474d867766dc3ef8e54eb483cbaae13694082bacb9c8fc07c9bb811cee0,2261e133b6594192fcb0f5de985434cdd28890fea9047c00ce9d97191220bcd9
G2_Q000430,G2_V000112,Malcolm in the Middle,emotion trajectory,blocked,,,,perception_content_filter,/root/longemo/runtime/runs/three_level_full558_gemini38_20260922,,,visual,W00010,14717474d867766dc3ef8e54eb483cbaae13694082bacb9c8fc07c9bb811cee0,2261e133b6594192fcb0f5de985434cdd28890fea9047c00ce9d97191220bcd9
G2_Q000431,G2_V000112,Malcolm in the Middle,emotion trajectory,blocked,,,,perception_content_filter,/root/longemo/runtime/runs/three_level_full558_gemini38_20260922,,,visual,W00010,14717474d867766dc3ef8e54eb483cbaae13694082bacb9c8fc07c9bb811cee0,2261e133b6594192fcb0f5de985434cdd28890fea9047c00ce9d97191220bcd9
G2_Q000432,G2_V000113,Malcolm in the Middle,emotional intensity comparison,blocked,,,,perception_content_filter,/root/longemo/runtime/runs/noevent_length5_continuation_20260923,,,visual,W00059,7ea303c9388f3365f1181dad65fa66b394ed8b1801153b5010f6a10f9d3bc189,56d9905e1ad5bef6d2a3958123ac6bed71ee26939469a9adb362e457b4b8eed2
G2_Q000433,G2_V000113,Malcolm in the Middle,emotional intensity comparison,blocked,,,,perception_content_filter,/root/longemo/runtime/runs/noevent_length5_continuation_20260923,,,visual,W00059,7ea303c9388f3365f1181dad65fa66b394ed8b1801153b5010f6a10f9d3bc189,56d9905e1ad5bef6d2a3958123ac6bed71ee26939469a9adb362e457b4b8eed2
G2_Q000434,G2_V000113,Malcolm in the Middle,emotional intensity comparison,blocked,,,,perception_content_filter,/root/longemo/runtime/runs/noevent_length5_continuation_20260923,,,visual,W00059,7ea303c9388f3365f1181dad65fa66b394ed8b1801153b5010f6a10f9d3bc189,56d9905e1ad5bef6d2a3958123ac6bed71ee26939469a9adb362e457b4b8eed2
G2_Q000435,G2_V000113,Malcolm in the Middle,emotion trajectory,blocked,,,,perception_content_filter,/root/longemo/runtime/runs/noevent_length5_continuation_20260923,,,visual,W00059,7ea303c9388f3365f1181dad65fa66b394ed8b1801153b5010f6a10f9d3bc189,56d9905e1ad5bef6d2a3958123ac6bed71ee26939469a9adb362e457b4b8eed2
G2_Q000436,G2_V000113,Malcolm in the Middle,emotion trajectory,blocked,,,,perception_content_filter,/root/longemo/runtime/runs/noevent_length5_continuation_20260923,,,visual,W00059,7ea303c9388f3365f1181dad65fa66b394ed8b1801153b5010f6a10f9d3bc189,56d9905e1ad5bef6d2a3958123ac6bed71ee26939469a9adb362e457b4b8eed2
G2_Q000437,G2_V000113,Malcolm in the Middle,emotional reasoning,blocked,,,,perception_content_filter,/root/longemo/runtime/runs/noevent_length5_continuation_20260923,,,visual,W00059,7ea303c9388f3365f1181dad65fa66b394ed8b1801153b5010f6a10f9d3bc189,56d9905e1ad5bef6d2a3958123ac6bed71ee26939469a9adb362e457b4b8eed2
G2_Q000438,G2_V000114,Malcolm in the Middle,emotional intensity comparison,scored,0,1,0.0,,/root/longemo/runtime/runs/noevent_v114_seed_length_continuation_20260923,1480142ba43422017aec781a476fd98b9b0b9bcf1ee18e58adba79474def7fb7,b80c38803dd0b6913c56b664457f9bceac6652c9b3c8cd7837c4b981755959d8,,,,
G2_Q000439,G2_V000114,Malcolm in the Middle,emotional intensity comparison,scored,0,1,0.0,,/root/longemo/runtime/runs/noevent_v114_seed_length_continuation_20260923,1480142ba43422017aec781a476fd98b9b0b9bcf1ee18e58adba79474def7fb7,150a3af5200a45ef42b589de1031ab87fc22d77031d0b77a260009248bbdc564,,,,
G2_Q000440,G2_V000114,Malcolm in the Middle,emotional intensity comparison,scored,0,1,0.0,,/root/longemo/runtime/runs/noevent_v114_seed_length_continuation_20260923,1480142ba43422017aec781a476fd98b9b0b9bcf1ee18e58adba79474def7fb7,3ce1da6d7091ea51bb081a17a673a4f2de2f3e05b2dcdc80f9d733fea0c257f5,,,,
G2_Q000441,G2_V000114,Malcolm in the Middle,emotional intensity comparison,scored,0,1,0.0,,/root/longemo/runtime/runs/noevent_v114_seed_length_continuation_20260923,1480142ba43422017aec781a476fd98b9b0b9bcf1ee18e58adba79474def7fb7,a37a435b12d84642abbe7671f5dd823a8ed6dc870822e0bd1757f3852e41b7df,,,,
G2_Q000442,G2_V000114,Malcolm in the Middle,emotional intensity comparison,scored,0,1,0.0,,/root/longemo/runtime/runs/noevent_v114_seed_length_continuation_20260923,1480142ba43422017aec781a476fd98b9b0b9bcf1ee18e58adba79474def7fb7,3e5366d509d4319fadc9ced2f8998514b7067a617e5aa9da21b736d047629772,,,,
G2_Q000443,G2_V000114,Malcolm in the Middle,emotion trajectory,scored,1,4,25.0,,/root/longemo/runtime/runs/noevent_v114_seed_length_continuation_20260923,1480142ba43422017aec781a476fd98b9b0b9bcf1ee18e58adba79474def7fb7,4ef789d442d70ab5ac90af92a63bffb9884ca4b4b61cf3a7fbbb0a72db82e712,,,,
G2_Q000444,G2_V000114,Malcolm in the Middle,emotional reasoning,scored,0,3,0.0,,/root/longemo/runtime/runs/noevent_v114_seed_length_continuation_20260923,1480142ba43422017aec781a476fd98b9b0b9bcf1ee18e58adba79474def7fb7,4ab4ef7ee655070e985c4d38701438f89733ebd1f7287f327d5e57ee274b126e,,,,
G2_Q000445,G2_V000115,Malcolm in the Middle,emotional intensity comparison,blocked,,,,perception_content_filter,/root/longemo/runtime/runs/three_level_full558_gemini38_20260922,,,visual,W00012,09927c10156c96a6d2fc769e8ec04b9ee2eef6a4fb60940779289f5199f76f19,303b1b3efac0e50f630a87c5d1da52851f04f50e23dc005c52a4da517f40be24
G2_Q000446,G2_V000115,Malcolm in the Middle,emotion trajectory,blocked,,,,perception_content_filter,/root/longemo/runtime/runs/three_level_full558_gemini38_20260922,,,visual,W00012,09927c10156c96a6d2fc769e8ec04b9ee2eef6a4fb60940779289f5199f76f19,303b1b3efac0e50f630a87c5d1da52851f04f50e23dc005c52a4da517f40be24
G2_Q000447,G2_V000115,Malcolm in the Middle,emotional intensity comparison,blocked,,,,perception_content_filter,/root/longemo/runtime/runs/three_level_full558_gemini38_20260922,,,visual,W00012,09927c10156c96a6d2fc769e8ec04b9ee2eef6a4fb60940779289f5199f76f19,303b1b3efac0e50f630a87c5d1da52851f04f50e23dc005c52a4da517f40be24
G2_Q000448,G2_V000115,Malcolm in the Middle,emotion trajectory,blocked,,,,perception_content_filter,/root/longemo/runtime/runs/three_level_full558_gemini38_20260922,,,visual,W00012,09927c10156c96a6d2fc769e8ec04b9ee2eef6a4fb60940779289f5199f76f19,303b1b3efac0e50f630a87c5d1da52851f04f50e23dc005c52a4da517f40be24
G2_Q000449,G2_V000115,Malcolm in the Middle,emotional reasoning,blocked,,,,perception_content_filter,/root/longemo/runtime/runs/three_level_full558_gemini38_20260922,,,visual,W00012,09927c10156c96a6d2fc769e8ec04b9ee2eef6a4fb60940779289f5199f76f19,303b1b3efac0e50f630a87c5d1da52851f04f50e23dc005c52a4da517f40be24
G2_Q000450,G2_V000116,Malcolm in the Middle,emotional intensity comparison,blocked,,,,perception_content_filter,/root/longemo/runtime/runs/three_level_full558_gemini38_20260922,,,visual,W00027,c1d9a6dacc2472cc8c409f584076194ee99129eeadb71cc882865345fc96503e,13717c85ff9efbcbf40db23387e3a19f46aed88372f09ca828899354fd8dfdc2
G2_Q000451,G2_V000116,Malcolm in the Middle,emotional intensity comparison,blocked,,,,perception_content_filter,/root/longemo/runtime/runs/three_level_full558_gemini38_20260922,,,visual,W00027,c1d9a6dacc2472cc8c409f584076194ee99129eeadb71cc882865345fc96503e,13717c85ff9efbcbf40db23387e3a19f46aed88372f09ca828899354fd8dfdc2
G2_Q000452,G2_V000116,Malcolm in the Middle,emotion trajectory,blocked,,,,perception_content_filter,/root/longemo/runtime/runs/three_level_full558_gemini38_20260922,,,visual,W00027,c1d9a6dacc2472cc8c409f584076194ee99129eeadb71cc882865345fc96503e,13717c85ff9efbcbf40db23387e3a19f46aed88372f09ca828899354fd8dfdc2
G2_Q000453,G2_V000116,Malcolm in the Middle,emotion trajectory,blocked,,,,perception_content_filter,/root/longemo/runtime/runs/three_level_full558_gemini38_20260922,,,visual,W00027,c1d9a6dacc2472cc8c409f584076194ee99129eeadb71cc882865345fc96503e,13717c85ff9efbcbf40db23387e3a19f46aed88372f09ca828899354fd8dfdc2
G2_Q000454,G2_V000116,Malcolm in the Middle,emotional reasoning,blocked,,,,perception_content_filter,/root/longemo/runtime/runs/three_level_full558_gemini38_20260922,,,visual,W00027,c1d9a6dacc2472cc8c409f584076194ee99129eeadb71cc882865345fc96503e,13717c85ff9efbcbf40db23387e3a19f46aed88372f09ca828899354fd8dfdc2
G2_Q000455,G2_V000117,Malcolm in the Middle,emotional intensity comparison,blocked,,,,perception_content_filter,/root/longemo/runtime/runs/noevent_length2_continuation_20260923,,,audio,W00019,8ce3a85412fcef5d9af48cf9f7b468cfb9135adf1baddbb4405de955e798a1bf,e20823a2e67df55730bb7b4ec03ae4a6a13ab4597fa32751e4c622b53b6e27b3
G2_Q000456,G2_V000117,Malcolm in the Middle,emotional intensity comparison,blocked,,,,perception_content_filter,/root/longemo/runtime/runs/noevent_length2_continuation_20260923,,,audio,W00019,8ce3a85412fcef5d9af48cf9f7b468cfb9135adf1baddbb4405de955e798a1bf,e20823a2e67df55730bb7b4ec03ae4a6a13ab4597fa32751e4c622b53b6e27b3
G2_Q000457,G2_V000117,Malcolm in the Middle,emotion trajectory,blocked,,,,perception_content_filter,/root/longemo/runtime/runs/noevent_length2_continuation_20260923,,,audio,W00019,8ce3a85412fcef5d9af48cf9f7b468cfb9135adf1baddbb4405de955e798a1bf,e20823a2e67df55730bb7b4ec03ae4a6a13ab4597fa32751e4c622b53b6e27b3
G2_Q000458,G2_V000117,Malcolm in the Middle,emotion trajectory,blocked,,,,perception_content_filter,/root/longemo/runtime/runs/noevent_length2_continuation_20260923,,,audio,W00019,8ce3a85412fcef5d9af48cf9f7b468cfb9135adf1baddbb4405de955e798a1bf,e20823a2e67df55730bb7b4ec03ae4a6a13ab4597fa32751e4c622b53b6e27b3
G2_Q000459,G2_V000117,Malcolm in the Middle,emotion trajectory,blocked,,,,perception_content_filter,/root/longemo/runtime/runs/noevent_length2_continuation_20260923,,,audio,W00019,8ce3a85412fcef5d9af48cf9f7b468cfb9135adf1baddbb4405de955e798a1bf,e20823a2e67df55730bb7b4ec03ae4a6a13ab4597fa32751e4c622b53b6e27b3
G2_Q000460,G2_V000117,Malcolm in the Middle,emotional reasoning,blocked,,,,perception_content_filter,/root/longemo/runtime/runs/noevent_length2_continuation_20260923,,,audio,W00019,8ce3a85412fcef5d9af48cf9f7b468cfb9135adf1baddbb4405de955e798a1bf,e20823a2e67df55730bb7b4ec03ae4a6a13ab4597fa32751e4c622b53b6e27b3
G2_Q000461,G2_V000118,Modern Family,emotional intensity comparison,scored,0,1,0.0,,/root/longemo/runtime/runs/three_level_full558_gemini38_20260922,9df1c3f7053cc2f171927bac7168d4b7c640778ef284d305842312297967570c,2b45fe3e1244e1da716b2b04fc0c320d2da435028a409779992c3f8ed50cc34f,,,,
G2_Q000462,G2_V000118,Modern Family,emotion trajectory,scored,1,4,25.0,,/root/longemo/runtime/runs/three_level_full558_gemini38_20260922,9df1c3f7053cc2f171927bac7168d4b7c640778ef284d305842312297967570c,e7a37fa3f923376973e8d9eeac85e46f79a74516a2ce18a8aa6aff8ff4025414,,,,
G2_Q000463,G2_V000118,Modern Family,emotion trajectory,scored,1,4,25.0,,/root/longemo/runtime/runs/three_level_full558_gemini38_20260922,9df1c3f7053cc2f171927bac7168d4b7c640778ef284d305842312297967570c,b059cdda838aea068272c4429e5d9d8bff9c9679ad8965be5696975b6d8b39cc,,,,
G2_Q000464,G2_V000118,Modern Family,emotion trajectory,scored,2,4,50.0,,/root/longemo/runtime/runs/three_level_full558_gemini38_20260922,9df1c3f7053cc2f171927bac7168d4b7c640778ef284d305842312297967570c,8d5a617b436fce1d160a5827e92b4141e5801c26b1ce4b0849bcc1c69cc4b793,,,,
G2_Q000465,G2_V000119,Modern Family,emotional intensity comparison,scored,0,1,0.0,,/root/longemo/runtime/runs/three_level_full558_gemini38_20260922,fd9ebb8f04fec69641a78bbd0873e6b89d58e4d163ce3210a8c813eee4d20936,5d782278cc048dfa264b7d44fb47d046296cf7d200f57df2550f7387e8c409b8,,,,
G2_Q000466,G2_V000119,Modern Family,emotional reasoning,scored,0,3,0.0,,/root/longemo/runtime/runs/three_level_full558_gemini38_20260922,fd9ebb8f04fec69641a78bbd0873e6b89d58e4d163ce3210a8c813eee4d20936,9aa52146cc5f90c35fba911e0ab0383043fd347fcff3719cca1767f9a8f698ba,,,,
G2_Q000467,G2_V000119,Modern Family,emotion trajectory,scored,2,4,50.0,,/root/longemo/runtime/runs/three_level_full558_gemini38_20260922,fd9ebb8f04fec69641a78bbd0873e6b89d58e4d163ce3210a8c813eee4d20936,a93da9df6d81c7baec5353a7b079154124ef2ae88e6b2535c585b887becbf973,,,,
G2_Q000468,G2_V000119,Modern Family,emotion trajectory,scored,1,4,25.0,,/root/longemo/runtime/runs/three_level_full558_gemini38_20260922,fd9ebb8f04fec69641a78bbd0873e6b89d58e4d163ce3210a8c813eee4d20936,e889507a86d593c4bf11a1fedbd627580c502b3aab8a663fd7c3a2eda6a7453a,,,,
G2_Q000469,G2_V000119,Modern Family,emotion trajectory,scored,1,4,25.0,,/root/longemo/runtime/runs/three_level_full558_gemini38_20260922,fd9ebb8f04fec69641a78bbd0873e6b89d58e4d163ce3210a8c813eee4d20936,7e2fbbb2e136456ab5dc8d53c44d44f2aaa3302d0de41bb1f9dda96244a8283d,,,,
G2_Q000470,G2_V000120,Modern Family,emotional reasoning,scored,2,3,66.66666666666666,,/root/longemo/runtime/runs/three_level_full558_gemini38_20260922,28169462527d6f194d20e8f4c4caf2fc4b1bcc33bfa6d32307b9e1cf0ac5d4e5,3105afb62e74474e9fd0b285cb3272a1886fe28de085c9383c49f7f7f50902f9,,,,
G2_Q000471,G2_V000120,Modern Family,emotion trajectory,scored,0,4,0.0,,/root/longemo/runtime/runs/three_level_full558_gemini38_20260922,28169462527d6f194d20e8f4c4caf2fc4b1bcc33bfa6d32307b9e1cf0ac5d4e5,ef4bb67096a60202821b17ac8c1c3055403754077e458d726f8070680037c59a,,,,
G2_Q000472,G2_V000120,Modern Family,emotional reasoning,scored,1,1,100.0,,/root/longemo/runtime/runs/three_level_full558_gemini38_20260922,28169462527d6f194d20e8f4c4caf2fc4b1bcc33bfa6d32307b9e1cf0ac5d4e5,531c42ddf680ba19f08a18fba5f2e732923d6cbeaaae44d1ce00a6ad9730f463,,,,
G2_Q000473,G2_V000120,Modern Family,emotion trajectory,scored,1,4,25.0,,/root/longemo/runtime/runs/three_level_full558_gemini38_20260922,28169462527d6f194d20e8f4c4caf2fc4b1bcc33bfa6d32307b9e1cf0ac5d4e5,e50b3f6a21bea9ce5961a234c812e7f3a779b20588dece161e5441e1044882c2,,,,
G2_Q000474,G2_V000121,Modern Family,emotional reasoning,blocked,,,,perception_content_filter,/root/longemo/runtime/runs/three_level_full558_gemini38_20260922,,,audio,W00011,ab8c45bc84b3fc011a891e3e744f1060c901084b7c84f0593c961a50d1b3a3c0,a06980cf758e5cce53519931dd7a4e9433753f2e8d56682570bb4970b8f35952
G2_Q000475,G2_V000121,Modern Family,emotion trajectory,blocked,,,,perception_content_filter,/root/longemo/runtime/runs/three_level_full558_gemini38_20260922,,,audio,W00011,ab8c45bc84b3fc011a891e3e744f1060c901084b7c84f0593c961a50d1b3a3c0,a06980cf758e5cce53519931dd7a4e9433753f2e8d56682570bb4970b8f35952
G2_Q000476,G2_V000121,Modern Family,emotional intensity comparison,blocked,,,,perception_content_filter,/root/longemo/runtime/runs/three_level_full558_gemini38_20260922,,,audio,W00011,ab8c45bc84b3fc011a891e3e744f1060c901084b7c84f0593c961a50d1b3a3c0,a06980cf758e5cce53519931dd7a4e9433753f2e8d56682570bb4970b8f35952
G2_Q000477,G2_V000121,Modern Family,emotion trajectory,blocked,,,,perception_content_filter,/root/longemo/runtime/runs/three_level_full558_gemini38_20260922,,,audio,W00011,ab8c45bc84b3fc011a891e3e744f1060c901084b7c84f0593c961a50d1b3a3c0,a06980cf758e5cce53519931dd7a4e9433753f2e8d56682570bb4970b8f35952
G2_Q000478,G2_V000122,Modern Family,emotional intensity comparison,blocked,,,,planner_content_filter,/root/longemo/runtime/runs/three_level_full558_gemini38_20260922,,,plan,,f6f1afdefb8534f5316fba13852603c4cf5e7ab91063ec647773221666edea84,402b8e87463d439d0e9c3a8b04c26ccb5495c3ed10ea1eaa71c77e935f1093ff
G2_Q000479,G2_V000122,Modern Family,emotional intensity comparison,blocked,,,,planner_content_filter,/root/longemo/runtime/runs/three_level_full558_gemini38_20260922,,,plan,,9ae316c972759af7085eb04bc261c4b82b79d85362b2e162bf69fa556971a6ed,3f9af833a9f5a96f914faf72e41b9029d4e4c7962a194783f1b36aa36d4cb0e6
G2_Q000480,G2_V000122,Modern Family,emotional intensity comparison,blocked,,,,planner_content_filter,/root/longemo/runtime/runs/three_level_full558_gemini38_20260922,,,plan,,52d7ccc0e47a0ddef3d480aca3821165a4a55ab667eeb093843ee71894c390d6,fb9362c9e40a0d2100d7ca2ccde0e6e2759c6e1e1271ee0de66f591d10ce4f15
G2_Q000481,G2_V000122,Modern Family,emotion trajectory,scored,1,4,25.0,,/root/longemo/runtime/runs/three_level_full558_gemini38_20260922,5ada76d92db3dbca3a7074a1cc3f0f0d1064662b0a25809d09c7cacc849fe93e,cacf792aa1da4780022917e3872cab17da1575609a4efd0cc07e7948b99774a6,,,,
G2_Q000482,G2_V000122,Modern Family,emotional reasoning,scored,1,1,100.0,,/root/longemo/runtime/runs/three_level_full558_gemini38_20260922,5ada76d92db3dbca3a7074a1cc3f0f0d1064662b0a25809d09c7cacc849fe93e,edc1531aa70e7d40bc0e8757c5362b18cfc4978e2641ac38ee4c69ef5522246c,,,,
G2_Q000483,G2_V000123,Modern Family,emotional intensity comparison,scored,0,1,0.0,,/root/longemo/runtime/runs/three_level_full558_gemini38_20260922,78e8224ce60b22e00a94adfe4f49e41215cf216c92114b556655f8c7bd5b3a2a,b1f0acea110a5a21ab77131aa2842bb5005a5e4874b9702ba2a988a68ce2c892,,,,
G2_Q000484,G2_V000123,Modern Family,emotional intensity comparison,scored,0,1,0.0,,/root/longemo/runtime/runs/three_level_full558_gemini38_20260922,78e8224ce60b22e00a94adfe4f49e41215cf216c92114b556655f8c7bd5b3a2a,3198b8332308207f269c567655718abd154fb76cac60396160799d7b8ed4d8b6,,,,
G2_Q000485,G2_V000123,Modern Family,emotion trajectory,scored,1,4,25.0,,/root/longemo/runtime/runs/three_level_full558_gemini38_20260922,78e8224ce60b22e00a94adfe4f49e41215cf216c92114b556655f8c7bd5b3a2a,2bbac006767e2bd85be67e67474662e2678bd752f99740951117219bb025cd07,,,,
G2_Q000486,G2_V000123,Modern Family,emotional reasoning,scored,1,1,100.0,,/root/longemo/runtime/runs/three_level_full558_gemini38_20260922,78e8224ce60b22e00a94adfe4f49e41215cf216c92114b556655f8c7bd5b3a2a,356e18b4cc22d96fd1da3cf05d4cd5a053b4b4431db198bd91b44c067535d4b0,,,,
G2_Q000487,G2_V000124,Modern Family,emotional intensity comparison,scored,0,1,0.0,,/root/longemo/runtime/runs/noevent_core_boundary3_continuation_20260923,7006d67f03d9f8746e17b0d3637803645babf30ecdc75083efac01295913c03d,dc0937225f69752e78bd427f4cc110e8c1f950d50890ae7245496c4527501914,,,,
G2_Q000488,G2_V000124,Modern Family,emotional intensity comparison,scored,0,1,0.0,,/root/longemo/runtime/runs/noevent_core_boundary3_continuation_20260923,7006d67f03d9f8746e17b0d3637803645babf30ecdc75083efac01295913c03d,985c2296073ef0a3d21a4597e5cbcc3cbf35bc2c97cebd3eaca8af3ae536c42b,,,,
G2_Q000489,G2_V000124,Modern Family,emotional intensity comparison,scored,0,1,0.0,,/root/longemo/runtime/runs/noevent_core_boundary3_continuation_20260923,7006d67f03d9f8746e17b0d3637803645babf30ecdc75083efac01295913c03d,c9d88eba138ee4f175bb0e2b3602172fb3bdbd24578cec4c2af9c74d401bbb7f,,,,
G2_Q000490,G2_V000124,Modern Family,emotional reasoning,scored,0,1,0.0,,/root/longemo/runtime/runs/noevent_core_boundary3_continuation_20260923,7006d67f03d9f8746e17b0d3637803645babf30ecdc75083efac01295913c03d,cc861c120b20f0b905f412fc508dc2c2988b73e01ba2269d348d6c34eea2873a,,,,
G2_Q000491,G2_V000124,Modern Family,emotion trajectory,scored,1,4,25.0,,/root/longemo/runtime/runs/noevent_core_boundary3_continuation_20260923,7006d67f03d9f8746e17b0d3637803645babf30ecdc75083efac01295913c03d,1db920c55b587f7ffab7c9a270bb8bb5412683d4060c09c5287aec30aef9f132,,,,
G2_Q000492,G2_V000125,Modern Family,emotional intensity comparison,blocked,,,,perception_content_filter,/root/longemo/runtime/runs/three_level_full558_gemini38_20260922,,,audio,W00018,dfcdd294bde5a78e9779b4eb5dd349203a2938ae09b904d31809bf1a9173cf25,b9e5920add29bc0c1a6ababe7a5680055fec0dda442467e7dfdc151c0d79f39e
G2_Q000493,G2_V000125,Modern Family,emotion trajectory,blocked,,,,perception_content_filter,/root/longemo/runtime/runs/three_level_full558_gemini38_20260922,,,audio,W00018,dfcdd294bde5a78e9779b4eb5dd349203a2938ae09b904d31809bf1a9173cf25,b9e5920add29bc0c1a6ababe7a5680055fec0dda442467e7dfdc151c0d79f39e
G2_Q000494,G2_V000125,Modern Family,emotion trajectory,blocked,,,,perception_content_filter,/root/longemo/runtime/runs/three_level_full558_gemini38_20260922,,,audio,W00018,dfcdd294bde5a78e9779b4eb5dd349203a2938ae09b904d31809bf1a9173cf25,b9e5920add29bc0c1a6ababe7a5680055fec0dda442467e7dfdc151c0d79f39e
G2_Q000495,G2_V000125,Modern Family,emotion trajectory,blocked,,,,perception_content_filter,/root/longemo/runtime/runs/three_level_full558_gemini38_20260922,,,audio,W00018,dfcdd294bde5a78e9779b4eb5dd349203a2938ae09b904d31809bf1a9173cf25,b9e5920add29bc0c1a6ababe7a5680055fec0dda442467e7dfdc151c0d79f39e
G2_Q000496,G2_V000125,Modern Family,emotional reasoning,blocked,,,,perception_content_filter,/root/longemo/runtime/runs/three_level_full558_gemini38_20260922,,,audio,W00018,dfcdd294bde5a78e9779b4eb5dd349203a2938ae09b904d31809bf1a9173cf25,b9e5920add29bc0c1a6ababe7a5680055fec0dda442467e7dfdc151c0d79f39e
G2_Q000497,G2_V000126,Modern Family,emotional intensity comparison,scored,0,1,0.0,,/root/longemo/runtime/runs/noevent_runtime24_continuation_20260923,3c6ea37ed0eab16464f6e6846286cf0ad3d5dfc00e9552ad4e8e9ffaf0c7ba9c,c1856d696f8c737235cd41ca7377ef396bcc8c18791331dacada2aec66265a21,,,,
G2_Q000498,G2_V000126,Modern Family,emotional intensity comparison,scored,0,1,0.0,,/root/longemo/runtime/runs/noevent_runtime24_continuation_20260923,3c6ea37ed0eab16464f6e6846286cf0ad3d5dfc00e9552ad4e8e9ffaf0c7ba9c,a62e2629e0b8db1edba05fac06ec1c0b673f20292fbcb4195673bf26d298a69c,,,,
G2_Q000499,G2_V000126,Modern Family,emotional reasoning,scored,3,3,100.0,,/root/longemo/runtime/runs/noevent_runtime24_continuation_20260923,3c6ea37ed0eab16464f6e6846286cf0ad3d5dfc00e9552ad4e8e9ffaf0c7ba9c,b7adc68e3b3a3f065893dc4b1c94dd81cf93a30007056d975704f94f5e879e02,,,,
G2_Q000500,G2_V000126,Modern Family,emotion trajectory,scored,0,4,0.0,,/root/longemo/runtime/runs/noevent_runtime24_continuation_20260923,3c6ea37ed0eab16464f6e6846286cf0ad3d5dfc00e9552ad4e8e9ffaf0c7ba9c,21f36a215f9ab3b61a7fa3a1b178aaf257edacbf82b1c5abfed71c1a6c14aa47,,,,
G2_Q000501,G2_V000127,Modern Family,emotional intensity comparison,scored,0,1,0.0,,/root/longemo/runtime/runs/three_level_full558_gemini38_20260922,2eb5903418aa9565b62818bae4590a095b2f6b0d69403f4198a07f5ac5d619c0,5195d16ec820bf6de837b35a2eb31cdfbbadbcc6b6226f62d073472269c65163,,,,
G2_Q000502,G2_V000127,Modern Family,emotion trajectory,scored,2,4,50.0,,/root/longemo/runtime/runs/three_level_full558_gemini38_20260922,2eb5903418aa9565b62818bae4590a095b2f6b0d69403f4198a07f5ac5d619c0,92dce73aafb9f99d14e03184279f38b7051da1f8991b945a0b4a40c6b805d52d,,,,
G2_Q000503,G2_V000127,Modern Family,emotion trajectory,scored,1,4,25.0,,/root/longemo/runtime/runs/three_level_full558_gemini38_20260922,2eb5903418aa9565b62818bae4590a095b2f6b0d69403f4198a07f5ac5d619c0,077cb559ebee8155ac99d03a16bcf4928eced5ab34bdb7bc172e184e15853e25,,,,
G2_Q000504,G2_V000127,Modern Family,emotion trajectory,scored,0,4,0.0,,/root/longemo/runtime/runs/three_level_full558_gemini38_20260922,2eb5903418aa9565b62818bae4590a095b2f6b0d69403f4198a07f5ac5d619c0,b32e8616385bd7e1754c82b7d007942f7f1e6b270995e674f9fdac6237a3b00e,,,,
G2_Q000505,G2_V000127,Modern Family,emotion trajectory,scored,1,4,25.0,,/root/longemo/runtime/runs/three_level_full558_gemini38_20260922,2eb5903418aa9565b62818bae4590a095b2f6b0d69403f4198a07f5ac5d619c0,67626e2c47f3593b1c9e90bd0d283d822c70857c8aba40d32f5eef143571975b,,,,
G2_Q000506,G2_V000128,Modern Family,emotional intensity comparison,scored,0,1,0.0,,/root/longemo/runtime/runs/three_level_full558_gemini38_20260922,ed9823c3b3056027d71defb2a7e4b82bdb2aa0a23a3e76d947be821dac755195,9e205ddc0d8ce39f3067f2203c5df9c092646f6f4b0c5cc2bca0b20a1bd86cee,,,,
G2_Q000507,G2_V000128,Modern Family,emotional intensity comparison,scored,0,1,0.0,,/root/longemo/runtime/runs/three_level_full558_gemini38_20260922,ed9823c3b3056027d71defb2a7e4b82bdb2aa0a23a3e76d947be821dac755195,2140bb608f948da99c857a105a5eb26a92c681c0615a25c6f0510cfc42fb20aa,,,,
G2_Q000508,G2_V000128,Modern Family,emotion trajectory,scored,1,4,25.0,,/root/longemo/runtime/runs/three_level_full558_gemini38_20260922,ed9823c3b3056027d71defb2a7e4b82bdb2aa0a23a3e76d947be821dac755195,f420d599c709fead2c1b1a39e5f7f220013cd40c99a99fbdc7d2340d2f436d8b,,,,
G2_Q000509,G2_V000128,Modern Family,emotional reasoning,scored,0,3,0.0,,/root/longemo/runtime/runs/three_level_full558_gemini38_20260922,ed9823c3b3056027d71defb2a7e4b82bdb2aa0a23a3e76d947be821dac755195,f2a0c2cc8fdd319a882c7135b43a8302e7d1482b9bce4621ecd1aefe1c3764d5,,,,
G2_Q000510,G2_V000129,Modern Family,emotional intensity comparison,blocked,,,,perception_content_filter,/root/longemo/runtime/runs/three_level_full558_gemini38_20260922,,,audio,W00014,d1ea00e6bd233fa2da9067409a7be7ab18e0540a383c534750d3aa6f9023c7be,508ab09974dd2700c30570938ec1c499ca3a4fe364ea6c85cfaafa13e907fffb
G2_Q000511,G2_V000129,Modern Family,emotional intensity comparison,blocked,,,,perception_content_filter,/root/longemo/runtime/runs/three_level_full558_gemini38_20260922,,,audio,W00014,d1ea00e6bd233fa2da9067409a7be7ab18e0540a383c534750d3aa6f9023c7be,508ab09974dd2700c30570938ec1c499ca3a4fe364ea6c85cfaafa13e907fffb
G2_Q000512,G2_V000129,Modern Family,emotional intensity comparison,blocked,,,,perception_content_filter,/root/longemo/runtime/runs/three_level_full558_gemini38_20260922,,,audio,W00014,d1ea00e6bd233fa2da9067409a7be7ab18e0540a383c534750d3aa6f9023c7be,508ab09974dd2700c30570938ec1c499ca3a4fe364ea6c85cfaafa13e907fffb
G2_Q000513,G2_V000129,Modern Family,emotion trajectory,blocked,,,,perception_content_filter,/root/longemo/runtime/runs/three_level_full558_gemini38_20260922,,,audio,W00014,d1ea00e6bd233fa2da9067409a7be7ab18e0540a383c534750d3aa6f9023c7be,508ab09974dd2700c30570938ec1c499ca3a4fe364ea6c85cfaafa13e907fffb
G2_Q000514,G2_V000130,Modern Family,emotion trajectory,scored,0,4,0.0,,/root/longemo/runtime/runs/noevent_length5_continuation_20260923,5425d352d5729bfa1eec61ebe5f04346b6d0fd78d247787ed6fd0e28e47f8ea3,57c1edbaaef485a4a6448ebc1dd02248b02134cd4b07deeb19e86f21ea35a875,,,,
G2_Q000515,G2_V000130,Modern Family,emotional intensity comparison,scored,0,1,0.0,,/root/longemo/runtime/runs/noevent_length5_continuation_20260923,5425d352d5729bfa1eec61ebe5f04346b6d0fd78d247787ed6fd0e28e47f8ea3,6d1dee7b83f9b3078dffa794498ca16aa4e3895fc6d4e302ffe7244e48e929b9,,,,
G2_Q000516,G2_V000130,Modern Family,emotional intensity comparison,scored,0,1,0.0,,/root/longemo/runtime/runs/noevent_length5_continuation_20260923,5425d352d5729bfa1eec61ebe5f04346b6d0fd78d247787ed6fd0e28e47f8ea3,33684d7094d63aeb585ecba08ce8575c4bee8920e82f1ed5fcb8373450a54ffc,,,,
G2_Q000517,G2_V000130,Modern Family,emotional reasoning,scored,0,3,0.0,,/root/longemo/runtime/runs/noevent_length5_continuation_20260923,5425d352d5729bfa1eec61ebe5f04346b6d0fd78d247787ed6fd0e28e47f8ea3,90c2f4d35ade0cd434c6d10bffa922cbc3c5fb1b3eb1954a05cb101d4df7060e,,,,
G2_Q000518,G2_V000131,Modern Family,emotional intensity comparison,blocked,,,,perception_content_filter,/root/longemo/runtime/runs/three_level_full558_gemini38_20260922,,,visual,W00048,140845c920f2517d9a4c8225a390b0dab3f61c242d713d7d36a440f760b69ae1,d6d4a37afa0840c81b987ffd3185008aba0ad276e71214a0b918943ae97c0b3c
G2_Q000519,G2_V000131,Modern Family,emotional intensity comparison,blocked,,,,perception_content_filter,/root/longemo/runtime/runs/three_level_full558_gemini38_20260922,,,visual,W00048,140845c920f2517d9a4c8225a390b0dab3f61c242d713d7d36a440f760b69ae1,d6d4a37afa0840c81b987ffd3185008aba0ad276e71214a0b918943ae97c0b3c
G2_Q000520,G2_V000131,Modern Family,emotional intensity comparison,blocked,,,,perception_content_filter,/root/longemo/runtime/runs/three_level_full558_gemini38_20260922,,,visual,W00048,140845c920f2517d9a4c8225a390b0dab3f61c242d713d7d36a440f760b69ae1,d6d4a37afa0840c81b987ffd3185008aba0ad276e71214a0b918943ae97c0b3c
G2_Q000521,G2_V000132,Modern Family,emotion trajectory,blocked,,,,perception_content_filter,/root/longemo/runtime/runs/three_level_full558_gemini38_20260922,,,audio,W00019,6772f150aae797f647d0b383783ec1341489464e4cd5477ea93e2416c12386a3,2540ce41ccb572f20d474429a8de5cb2ec5c9b6fe7d7ae268595f733f350e329
G2_Q000522,G2_V000132,Modern Family,emotion trajectory,blocked,,,,perception_content_filter,/root/longemo/runtime/runs/three_level_full558_gemini38_20260922,,,audio,W00019,6772f150aae797f647d0b383783ec1341489464e4cd5477ea93e2416c12386a3,2540ce41ccb572f20d474429a8de5cb2ec5c9b6fe7d7ae268595f733f350e329
G2_Q000523,G2_V000132,Modern Family,emotion trajectory,blocked,,,,perception_content_filter,/root/longemo/runtime/runs/three_level_full558_gemini38_20260922,,,audio,W00019,6772f150aae797f647d0b383783ec1341489464e4cd5477ea93e2416c12386a3,2540ce41ccb572f20d474429a8de5cb2ec5c9b6fe7d7ae268595f733f350e329
G2_Q000524,G2_V000132,Modern Family,emotional reasoning,blocked,,,,perception_content_filter,/root/longemo/runtime/runs/three_level_full558_gemini38_20260922,,,audio,W00019,6772f150aae797f647d0b383783ec1341489464e4cd5477ea93e2416c12386a3,2540ce41ccb572f20d474429a8de5cb2ec5c9b6fe7d7ae268595f733f350e329
G2_Q000525,G2_V000133,Modern Family,emotion trajectory,scored,1,4,25.0,,/root/longemo/runtime/runs/three_level_full558_gemini38_20260922,a42e8d5ec2e51efdc3c14999da46fd14f2fc087a20b0c6e618e54c2d0e6764f5,73adb865b2cdc422eb77917c281a3eefa07d49ff765170eff3a027e5848536cf,,,,
G2_Q000526,G2_V000133,Modern Family,emotional reasoning,scored,2,3,66.66666666666666,,/root/longemo/runtime/runs/three_level_full558_gemini38_20260922,a42e8d5ec2e51efdc3c14999da46fd14f2fc087a20b0c6e618e54c2d0e6764f5,94abd933c14212aa0fcbac3570653f7feeeacde27356eff54d555060c2115d66,,,,
G2_Q000527,G2_V000133,Modern Family,emotion trajectory,scored,1,4,25.0,,/root/longemo/runtime/runs/three_level_full558_gemini38_20260922,a42e8d5ec2e51efdc3c14999da46fd14f2fc087a20b0c6e618e54c2d0e6764f5,cd92ffeffd58886f8c514a95590002d3b1ead3f007df330e7f039c59006bf422,,,,
G2_Q000528,G2_V000133,Modern Family,emotional reasoning,scored,1,1,100.0,,/root/longemo/runtime/runs/three_level_full558_gemini38_20260922,a42e8d5ec2e51efdc3c14999da46fd14f2fc087a20b0c6e618e54c2d0e6764f5,e79731f61410615df069dd4cb220ad6d99daf0679204cc6bb11d4e6da0839cca,,,,
G2_Q000529,G2_V000134,Modern Family,emotional intensity comparison,scored,0,1,0.0,,/root/longemo/runtime/runs/three_level_full558_gemini38_20260922,64d0c30c90a262728c46b8f0e3f47409854a41fc3c586d41bfd3c398e876b2f0,6b4bb6f9cd7e77563fbc1c683777b94f105137a1088f2c42e07c6154b62d6f88,,,,
G2_Q000530,G2_V000134,Modern Family,emotion trajectory,scored,2,4,50.0,,/root/longemo/runtime/runs/three_level_full558_gemini38_20260922,64d0c30c90a262728c46b8f0e3f47409854a41fc3c586d41bfd3c398e876b2f0,afb75830c736bf333e900c183e8ec72149025c4b949e274b5b8ef2e74b36473b,,,,
G2_Q000531,G2_V000134,Modern Family,emotional reasoning,scored,0,3,0.0,,/root/longemo/runtime/runs/three_level_full558_gemini38_20260922,64d0c30c90a262728c46b8f0e3f47409854a41fc3c586d41bfd3c398e876b2f0,9ee031c8f046b715470cb39119c25925cee0ee7882c81f00d51a14cf2131f217,,,,
G2_Q000532,G2_V000135,Modern Family,emotional intensity comparison,scored,0,1,0.0,,/root/longemo/runtime/runs/three_level_full558_gemini38_20260922,d8fb1e3dbfdc8d3b9f6f5401a5f7159f138d870add43bf814a6d8803b8b10f1c,55130911f69d71f57c3488d402e47b659edc92c3d074a48465d85292809d0a64,,,,
G2_Q000533,G2_V000135,Modern Family,emotional intensity comparison,scored,0,1,0.0,,/root/longemo/runtime/runs/three_level_full558_gemini38_20260922,d8fb1e3dbfdc8d3b9f6f5401a5f7159f138d870add43bf814a6d8803b8b10f1c,aa957dc08d0b77af0fa71a541d201ec8e0557b83d4b2454e239e0d220d6495c8,,,,
G2_Q000534,G2_V000135,Modern Family,emotion trajectory,scored,1,4,25.0,,/root/longemo/runtime/runs/three_level_full558_gemini38_20260922,d8fb1e3dbfdc8d3b9f6f5401a5f7159f138d870add43bf814a6d8803b8b10f1c,5f4ae1928b813bdecfa55ac5eebfc87d4d17be097974fd65f0e623a4e86ce410,,,,
G2_Q000535,G2_V000135,Modern Family,emotion trajectory,scored,2,4,50.0,,/root/longemo/runtime/runs/three_level_full558_gemini38_20260922,d8fb1e3dbfdc8d3b9f6f5401a5f7159f138d870add43bf814a6d8803b8b10f1c,61854b494ba23bb57037d5a61730ba618ea488bffba8c2fe40273c541a22ee5f,,,,
G2_Q000536,G2_V000136,Modern Family,emotional intensity comparison,blocked,,,,perception_dlp_rejection,/root/longemo/runtime/runs/three_level_full558_gemini38_20260922,,,audio,W00017,8dadd279ab7f34af757c7e20e33af430a514ea46634d62982c67223fef345c41,e4612cb2b899a9d78edeff415aea032bd220068e6a0d9098de6eb547e406d6d8
G2_Q000537,G2_V000136,Modern Family,emotional intensity comparison,blocked,,,,perception_dlp_rejection,/root/longemo/runtime/runs/three_level_full558_gemini38_20260922,,,audio,W00017,8dadd279ab7f34af757c7e20e33af430a514ea46634d62982c67223fef345c41,e4612cb2b899a9d78edeff415aea032bd220068e6a0d9098de6eb547e406d6d8
G2_Q000538,G2_V000136,Modern Family,emotion trajectory,blocked,,,,perception_dlp_rejection,/root/longemo/runtime/runs/three_level_full558_gemini38_20260922,,,audio,W00017,8dadd279ab7f34af757c7e20e33af430a514ea46634d62982c67223fef345c41,e4612cb2b899a9d78edeff415aea032bd220068e6a0d9098de6eb547e406d6d8
G2_Q000539,G2_V000137,Modern Family,emotional intensity comparison,blocked,,,,perception_dlp_rejection,/root/longemo/runtime/runs/three_level_full558_gemini38_20260922,,,audio,W00030,4c8739eb59000f0e112347a8c598195cc3082a9705ba83971b9aae2c21675457,57d341c8493bed4016e86fae527ba2da588c576c4797cf212e845de8761d1dbb
G2_Q000540,G2_V000137,Modern Family,emotional intensity comparison,blocked,,,,perception_dlp_rejection,/root/longemo/runtime/runs/three_level_full558_gemini38_20260922,,,audio,W00030,4c8739eb59000f0e112347a8c598195cc3082a9705ba83971b9aae2c21675457,57d341c8493bed4016e86fae527ba2da588c576c4797cf212e845de8761d1dbb
G2_Q000541,G2_V000137,Modern Family,emotion trajectory,blocked,,,,perception_dlp_rejection,/root/longemo/runtime/runs/three_level_full558_gemini38_20260922,,,audio,W00030,4c8739eb59000f0e112347a8c598195cc3082a9705ba83971b9aae2c21675457,57d341c8493bed4016e86fae527ba2da588c576c4797cf212e845de8761d1dbb
G2_Q000542,G2_V000137,Modern Family,emotion trajectory,blocked,,,,perception_dlp_rejection,/root/longemo/runtime/runs/three_level_full558_gemini38_20260922,,,audio,W00030,4c8739eb59000f0e112347a8c598195cc3082a9705ba83971b9aae2c21675457,57d341c8493bed4016e86fae527ba2da588c576c4797cf212e845de8761d1dbb
G2_Q000543,G2_V000137,Modern Family,emotional reasoning,blocked,,,,perception_dlp_rejection,/root/longemo/runtime/runs/three_level_full558_gemini38_20260922,,,audio,W00030,4c8739eb59000f0e112347a8c598195cc3082a9705ba83971b9aae2c21675457,57d341c8493bed4016e86fae527ba2da588c576c4797cf212e845de8761d1dbb
G2_Q000544,G2_V000137,Modern Family,emotion trajectory,blocked,,,,perception_dlp_rejection,/root/longemo/runtime/runs/three_level_full558_gemini38_20260922,,,audio,W00030,4c8739eb59000f0e112347a8c598195cc3082a9705ba83971b9aae2c21675457,57d341c8493bed4016e86fae527ba2da588c576c4797cf212e845de8761d1dbb
G2_Q000545,G2_V000138,Modern Family,emotional intensity comparison,scored,0,1,0.0,,/root/longemo/runtime/runs/noevent_length2_continuation_20260923,c3192a8e4fc475a37df6e0b08c5e92d7fae05b589090b6b4fe3f3798cebad4b0,439be0256bde70a248f3101916a865acb7e1481835cd51b963534a72184c037d,,,,
G2_Q000546,G2_V000138,Modern Family,emotional intensity comparison,scored,0,1,0.0,,/root/longemo/runtime/runs/noevent_length2_continuation_20260923,c3192a8e4fc475a37df6e0b08c5e92d7fae05b589090b6b4fe3f3798cebad4b0,10b8571e1a3c9f265178c6fdded96c7acd978f3d511ad87974044230c8ab7512,,,,
G2_Q000547,G2_V000138,Modern Family,emotional intensity comparison,scored,0,1,0.0,,/root/longemo/runtime/runs/noevent_length2_continuation_20260923,c3192a8e4fc475a37df6e0b08c5e92d7fae05b589090b6b4fe3f3798cebad4b0,0240575fd881bc934cea9b13d6e199d27bd3e385383fda4ded5fa30057ed6b7c,,,,
G2_Q000548,G2_V000138,Modern Family,emotion trajectory,scored,1,4,25.0,,/root/longemo/runtime/runs/noevent_length2_continuation_20260923,c3192a8e4fc475a37df6e0b08c5e92d7fae05b589090b6b4fe3f3798cebad4b0,f0829cdbc9e65bc85f7b085ca1a108232df694a56ee49eb2998edb8cce05c026,,,,
G2_Q000549,G2_V000138,Modern Family,emotion trajectory,scored,0,4,0.0,,/root/longemo/runtime/runs/noevent_length2_continuation_20260923,c3192a8e4fc475a37df6e0b08c5e92d7fae05b589090b6b4fe3f3798cebad4b0,d67738c297f38fe2306fdb58a70429931d3e3b852f3bc5d943ed952fda8787a1,,,,
G2_Q000550,G2_V000139,Modern Family,emotional intensity comparison,blocked,,,,perception_dlp_rejection,/root/longemo/runtime/runs/three_level_full558_gemini38_20260922,,,audio,W00013,d5af281fc650329c5535f1150eb5b8cdb7f5b23cf7b9d4e7e5afb5844a8cb3b8,0ee916ee433505bd50545e5bcd3ed780cfc10a0b8f59a5bb2e667524a654339f
G2_Q000551,G2_V000139,Modern Family,emotional intensity comparison,blocked,,,,perception_dlp_rejection,/root/longemo/runtime/runs/three_level_full558_gemini38_20260922,,,audio,W00013,d5af281fc650329c5535f1150eb5b8cdb7f5b23cf7b9d4e7e5afb5844a8cb3b8,0ee916ee433505bd50545e5bcd3ed780cfc10a0b8f59a5bb2e667524a654339f
G2_Q000552,G2_V000139,Modern Family,emotion trajectory,blocked,,,,perception_dlp_rejection,/root/longemo/runtime/runs/three_level_full558_gemini38_20260922,,,audio,W00013,d5af281fc650329c5535f1150eb5b8cdb7f5b23cf7b9d4e7e5afb5844a8cb3b8,0ee916ee433505bd50545e5bcd3ed780cfc10a0b8f59a5bb2e667524a654339f
G2_Q000553,G2_V000139,Modern Family,emotional reasoning,blocked,,,,perception_dlp_rejection,/root/longemo/runtime/runs/three_level_full558_gemini38_20260922,,,audio,W00013,d5af281fc650329c5535f1150eb5b8cdb7f5b23cf7b9d4e7e5afb5844a8cb3b8,0ee916ee433505bd50545e5bcd3ed780cfc10a0b8f59a5bb2e667524a654339f
G2_Q000554,G2_V000140,unclassified,emotion trajectory,blocked,,,,perception_dlp_rejection,/root/longemo/runtime/runs/three_level_full558_gemini38_20260922,,,audio,W00010,851d0362f32759bf7b703e9e7c949a9e1fd7eb68663bc5210522c31069c8ae9f,3003a83eb634e2b3432877111521382052f9ff6b3571d346a1f6c301657a3477
G2_Q000555,G2_V000140,unclassified,emotional intensity comparison,blocked,,,,perception_dlp_rejection,/root/longemo/runtime/runs/three_level_full558_gemini38_20260922,,,audio,W00010,851d0362f32759bf7b703e9e7c949a9e1fd7eb68663bc5210522c31069c8ae9f,3003a83eb634e2b3432877111521382052f9ff6b3571d346a1f6c301657a3477
G2_Q000556,G2_V000141,unclassified,emotional intensity comparison,blocked,,,,perception_content_filter,/root/longemo/runtime/runs/three_level_full558_gemini38_20260922,,,audio,W00005,b50569a2caf3094b2ee6ff03cfe4da8e70a5f266de6b3e475309f288067bf582,10e2ef864c1eebe4a905c2aab532775bdcd8e1cdfad79ac19e5a8729b7a4621c
G2_Q000557,G2_V000141,unclassified,emotional reasoning,blocked,,,,perception_content_filter,/root/longemo/runtime/runs/three_level_full558_gemini38_20260922,,,audio,W00005,b50569a2caf3094b2ee6ff03cfe4da8e70a5f266de6b3e475309f288067bf582,10e2ef864c1eebe4a905c2aab532775bdcd8e1cdfad79ac19e5a8729b7a4621c
G2_Q000558,G2_V000141,unclassified,emotional reasoning,blocked,,,,perception_content_filter,/root/longemo/runtime/runs/three_level_full558_gemini38_20260922,,,audio,W00005,b50569a2caf3094b2ee6ff03cfe4da8e70a5f266de6b3e475309f288067bf582,10e2ef864c1eebe4a905c2aab532775bdcd8e1cdfad79ac19e5a8729b7a4621c
